paper_country,funder_country,papers
AF,RU,1
AO,US,1
AR,AR,9
AR,BR,2
AR,DE,1
AR,FI,1
AR,US,3
AT,AT,1
AU,AU,15
AU,BR,2
AU,US,2
BN,DE,1
BO,AR,1
BO,BR,2
BO,PL,1
BO,US,2
BR,AR,1
BR,BR,79
BR,ES,2
BR,GB,1
BR,MX,2
BR,US,5
BT,US,1
CA,CA,5
CA,US,4
CD,DE,1
CH,CH,2
CL,JP,2
CL,PE,1
CM,CN,5
CM,FR,1
CM,JP,1
CN,BR,3
CN,CA,1
CN,CN,304
CN,ES,1
CN,JP,3
CN,KR,3
CN,NL,1
CN,RU,1
CN,SA,4
CN,TH,1
CO,BR,1
CO,CO,1
CO,PA,1
CO,US,2
CR,BE,3
CR,DE,1
CR,US,1
CV,ES,3
CZ,TW,1
DE,DE,5
DE,US,2
DO,FR,1
EC,AR,2
EC,EC,2
ET,US,4
FR,BE,2
FR,BR,1
FR,CH,1
FR,FR,1
FR,RU,1
FR,US,1
GB,CN,1
GB,GB,1
GB,PT,1
GB,RU,1
GT,US,1
GY,US,2
HU,DE,1
HU,HU,1
HU,RU,1
ID,AT,1
ID,AU,1
ID,BE,1
ID,KR,1
ID,RU,1
ID,US,2
IN,CN,1
IN,CZ,3
IN,ES,2
IN,GB,1
IN,HU,1
IN,IN,32
IN,JP,1
IN,PK,1
IN,SE,1
IN,US,4
IN,ZA,1
IR,DE,2
IR,IR,7
IS,AT,1
IT,BE,1
IT,DE,2
IT,ES,1
IT,IT,1
IT,NL,1
JO,JP,1
JP,CH,1
JP,CN,1
JP,GB,1
JP,JP,23
JP,KR,1
JP,RU,1
JP,TW,1
KH,CN,2
KH,GB,1
KH,TH,1
KR,CN,5
KR,KR,33
KZ,US,5
LA,DE,2
LA,GR,1
LA,US,3
LC,CA,1
LV,LV,1
MA,ES,1
ME,RS,1
MG,CN,1
MG,DE,1
MG,GB,1
MG,SE,1
MG,US,1
MM,BR,1
MM,CN,6
MM,DE,2
MM,FR,1
MN,KR,1
MN,US,1
MR,DE,1
MR,PT,1
MW,CZ,1
MX,GT,2
MX,MX,17
MX,SE,1
MX,US,5
MY,MY,3
MY,SK,1
NA,CA,1
NA,US,2
NL,BR,1
NL,CA,2
NL,NL,1
NZ,BR,1
NZ,CH,1
NZ,GB,1
NZ,JP,1
NZ,NZ,8
NZ,SG,1
NZ,US,1
OM,OM,1
PE,CL,1
PE,ES,1
PG,FR,1
PG,US,1
PH,SE,1
PH,US,1
PK,CN,1
PK,HU,2
PK,JP,1
PK,PK,1
PL,PL,3
PT,ES,3
PY,AU,2
RO,CA,1
SA,FR,1
SG,SG,1
SO,CL,3
SO,CN,2
SO,ES,1
SO,GB,1
SO,RU,2
TG,CZ,3
TH,CN,1
TH,CZ,1
TH,KR,1
TH,RU,1
TH,SK,1
TH,TH,8
TH,US,2
TR,TR,3
TW,BN,1
TW,CN,5
TW,TW,10
TW,VN,1
TZ,DE,1
US,CA,1
US,CH,2
US,CN,1
US,MX,1
US,PL,1
US,US,28
UY,BR,7
VE,BR,4
VN,CN,1
VN,CZ,1
VN,RU,1
VN,US,1
VN,VN,1
ZA,BR,1
ZA,RU,1
ZA,US,1
ZA,ZA,2
ZW,GB,1