doi	funder
10.1002/anie.202117188	10.13039/501100000781
10.1002/anie.202117188	10.13039/501100001870
10.1002/anie.202117188	10.13039/501100004543
10.1002/anie.202117188	10.13039/501100014434
10.1002/ar.25001	10.13039/501100001711
10.1002/arch.21901	10.13039/501100001809
10.1002/chem.202104497	10.13039/501100001665
10.1002/chem.202104497	10.13039/501100003388
10.1002/chem.202104497	10.13039/501100004409
10.1002/chem.202104497	10.13039/501100004794
10.1002/chem.202104497	10.13039/501100006537
10.1002/chem.202104497	10.13039/501100007525
10.1002/ece3.8612	10.13039/100007463
10.1002/evan.21955	10.13039/100007479
10.1002/fedr.202000024	10.13039/501100002322
10.1002/fedr.202100023	10.13039/501100001411
10.1002/fedr.202100030	10.13039/501100001407
10.1002/fedr.202100043	10.13039/501100003593
10.1002/fedr.202100043	10.13039/501100004586
10.1002/fedr.202100052	10.13039/100009038
10.1002/fedr.202100052	10.13039/501100004481
10.1002/fedr.202200004	10.13039/501100002322
10.1002/fedr.202200006	10.13039/501100001843
10.1002/fedr.202200038	10.13039/501100003593
10.1002/jemt.24240	10.13039/100008696
10.1002/smll.202106269	10.13039/501100001809
10.1002/smll.202106269	10.13039/501100006606
10.1002/spp2.1434	10.13039/100005156
10.1002/spp2.1434	10.13039/501100001663
10.1007/s00114-022-01785-x	10.13039/501100001807
10.1007/s00114-022-01785-x	10.13039/501100002322
10.1007/s00114-022-01785-x	10.13039/501100003593
10.1007/s00203-021-02638-3	10.13039/501100001809
10.1007/s00203-021-02638-3	10.13039/501100004608
10.1007/s00203-021-02638-3	10.13039/501100012246
10.1007/s00203-021-02674-z	10.13039/501100001809
10.1007/s00203-021-02696-7	10.13039/501100002460
10.1007/s00203-021-02715-7	10.13039/100000104
10.1007/s00203-021-02715-7	10.13039/501100001691
10.1007/s00203-021-02734-4	10.13039/501100003654
10.1007/s00203-021-02744-2	10.13039/501100001809
10.1007/s00203-021-02749-x	10.13039/501100011700
10.1007/s00203-021-02750-4	10.13039/501100001809
10.1007/s00203-021-02753-1	10.13039/501100001809
10.1007/s00203-022-02758-4	10.13039/501100001809
10.1007/s00203-022-02760-w	10.13039/501100002460
10.1007/s00203-022-02761-9	10.13039/501100001809
10.1007/s00203-022-02778-0	10.13039/501100007161
10.1007/s00203-022-02783-3	10.13039/501100001809
10.1007/s00203-022-02783-3	10.13039/501100013066
10.1007/s00203-022-02789-x	10.13039/501100001809
10.1007/s00203-022-02789-x	10.13039/501100005273
10.1007/s00203-022-02789-x	10.13039/501100008871
10.1007/s00203-022-02790-4	10.13039/501100002555
10.1007/s00203-022-02790-4	10.13039/501100005880
10.1007/s00203-022-02791-3	10.13039/501100002555
10.1007/s00203-022-02791-3	10.13039/501100005880
10.1007/s00203-022-02808-x	10.13039/501100001809
10.1007/s00203-022-02816-x	10.13039/501100001809
10.1007/s00203-022-02816-x	10.13039/501100002858
10.1007/s00203-022-02818-9	10.13039/100014718
10.1007/s00203-022-02859-0	10.13039/501100004663
10.1007/s00203-022-02865-2	10.13039/501100001843
10.1007/s00203-022-02865-2	10.13039/501100010426
10.1007/s00203-022-02867-0	10.13039/501100001809
10.1007/s00203-022-02867-0	10.13039/501100007693
10.1007/s00203-022-02869-y	10.13039/501100001809
10.1007/s00203-022-02886-x	10.13039/501100018914
10.1007/s00203-022-02893-y	10.13039/501100003725
10.1007/s00203-022-02895-w	10.13039/501100001809
10.1007/s00203-022-02898-7	10.13039/501100002858
10.1007/s00203-022-02900-2	10.13039/501100004874
10.1007/s00203-022-02900-2	10.13039/501100005880
10.1007/s00203-022-02905-x	10.13039/501100003825
10.1007/s00203-022-02905-x	10.13039/501100012550
10.1007/s00203-022-02920-y	10.13039/501100001809
10.1007/s00203-022-02927-5	10.13039/501100001809
10.1007/s00203-022-02927-5	10.13039/501100012165
10.1007/s00203-022-02927-5	10.13039/501100021171
10.1007/s00203-022-02950-6	10.13039/501100013699
10.1007/s00203-022-02963-1	10.13039/501100001809
10.1007/s00203-022-02967-x	10.13039/501100003725
10.1007/s00203-022-02980-0	10.13039/501100018543
10.1007/s00203-022-02981-z	10.13039/100008903
10.1007/s00203-022-02991-x	10.13039/501100005880
10.1007/s00203-022-03007-4	10.13039/100008036
10.1007/s00203-022-03007-4	10.13039/501100002790
10.1007/s00203-022-03011-8	10.13039/501100005880
10.1007/s00203-022-03050-1	10.13039/501100001809
10.1007/s00203-022-03050-1	10.13039/501100018531
10.1007/s00203-022-03056-9	10.13039/501100004763
10.1007/s00203-022-03067-6	10.13039/501100002628
10.1007/s00203-022-03067-6	10.13039/501100005880
10.1007/s00203-022-03091-6	10.13039/501100012190
10.1007/s00203-022-03094-3	10.13039/501100001809
10.1007/s00203-022-03099-y	10.13039/501100004079
10.1007/s00203-022-03112-4	10.13039/501100004366
10.1007/s00203-022-03116-0	10.13039/501100001407
10.1007/s00203-022-03119-x	10.13039/501100001809
10.1007/s00203-022-03132-0	10.13039/501100001809
10.1007/s00203-022-03152-w	10.13039/501100005626
10.1007/s00203-022-03167-3	10.13039/501100001691
10.1007/s00203-022-03173-5	10.13039/100000001
10.1007/s00203-022-03184-2	10.13039/501100005880
10.1007/s00203-022-03185-1	10.13039/501100005880
10.1007/s00203-022-03192-2	10.13039/501100001809
10.1007/s00203-022-03229-6	10.13039/501100001665
10.1007/s00203-022-03237-6	10.13039/501100001407
10.1007/s00203-022-03237-6	10.13039/501100001501
10.1007/s00203-022-03237-6	10.13039/501100011700
10.1007/s00203-022-03244-7	10.13039/501100005880
10.1007/s00203-022-03263-4	10.13039/100014717
10.1007/s00203-022-03266-1	10.13039/501100002322
10.1007/s00203-022-03266-1	10.13039/501100003593
10.1007/s00203-022-03266-1	10.13039/501100004586
10.1007/s00203-022-03273-2	10.13039/501100001809
10.1007/s00203-022-03293-y	10.13039/501100001809
10.1007/s00203-022-03293-y	10.13039/501100003392
10.1007/s00203-022-03305-x	10.13039/501100003725
10.1007/s00203-022-03305-x	10.13039/501100005880
10.1007/s00203-022-03320-y	10.13039/501100001809
10.1007/s00203-022-03326-6	10.13039/100000060
10.1007/s00203-022-03326-6	10.13039/100000190
10.1007/s00203-022-03326-6	10.13039/100005798
10.1007/s00203-022-03326-6	10.13039/100008629
10.1007/s00203-022-03343-5	10.13039/501100003052
10.1007/s00203-022-03343-5	10.13039/501100003566
10.1007/s00203-022-03343-5	10.13039/501100003725
10.1007/s00203-022-03343-5	10.13039/501100005880
10.1007/s00203-022-03350-6	10.13039/501100001691
10.1007/s00203-022-03360-4	10.13039/501100003725
10.1007/s00203-022-03360-4	10.13039/501100005880
10.1007/s00203-022-03379-7	10.13039/501100001809
10.1007/s00284-021-02688-2	10.13039/501100003725
10.1007/s00284-021-02688-2	10.13039/501100009338
10.1007/s00284-021-02739-8	10.13039/501100001665
10.1007/s00284-021-02740-1	10.13039/501100001407
10.1007/s00284-021-02745-w	10.13039/501100001809
10.1007/s00284-021-02753-w	10.13039/501100003725
10.1007/s00284-021-02757-6	10.13039/501100001665
10.1007/s00284-022-02784-x	10.13039/501100004608
10.1007/s00284-022-02798-5	10.13039/501100001809
10.1007/s00284-022-02798-5	10.13039/501100003392
10.1007/s00284-022-02816-6	10.13039/501100007129
10.1007/s00284-022-02819-3	10.13039/501100001809
10.1007/s00284-022-02846-0	10.13039/501100001809
10.1007/s00284-022-02855-z	10.13039/501100003715
10.1007/s00284-022-02855-z	10.13039/501100005880
10.1007/s00284-022-02890-w	10.13039/501100002460
10.1007/s00284-022-02958-7	10.13039/501100007129
10.1007/s00284-022-02995-2	10.13039/501100012421
10.1007/s00284-022-03001-5	10.13039/501100001412
10.1007/s00284-022-03006-0	10.13039/501100001809
10.1007/s00284-022-03007-z	10.13039/501100010825
10.1007/s00284-022-03020-2	10.13039/501100003850
10.1007/s00284-022-03036-8	10.13039/501100007270
10.1007/s00284-022-03037-7	10.13039/501100001809
10.1007/s00284-022-03051-9	10.13039/501100001809
10.1007/s00284-022-03051-9	10.13039/501100012476
10.1007/s00284-022-03096-w	10.13039/501100001407
10.1007/s00284-022-03142-7	10.13039/501100001809
10.1007/s00300-022-03017-4	10.13039/501100001711
10.1007/s00300-022-03017-4	10.13039/501100004281
10.1007/s00300-022-03017-4	10.13039/501100007636
10.1007/s00436-021-07396-1	10.13039/501100001807
10.1007/s00436-021-07396-1	10.13039/501100003593
10.1007/s00436-021-07419-x	10.13039/100009646
10.1007/s00436-021-07419-x	10.13039/501100003182
10.1007/s00436-022-07425-7	10.13039/501100002261
10.1007/s00436-022-07425-7	10.13039/501100006769
10.1007/s00436-022-07620-6	10.13039/501100002674
10.1007/s00438-021-01829-3	10.13039/501100000038
10.1007/s00442-022-05298-2	10.13039/501100001809
10.1007/s00572-021-01064-z	10.13039/501100001824
10.1007/s00572-021-01064-z	10.13039/501100004240
10.1007/s00606-021-01796-7	10.13039/501100003065
10.1007/s00606-021-01796-7	10.13039/501100010030
10.1007/s00606-021-01800-0	10.13039/501100001659
10.1007/s00606-021-01800-0	10.13039/501100008001
10.1007/s00606-021-01801-z	10.13039/501100003593
10.1007/s00606-021-01801-z	10.13039/501100010324
10.1007/s00606-021-01801-z	10.13039/501100010324
10.1007/s00606-021-01802-y	10.13039/501100001809
10.1007/s00606-022-01805-3	10.13039/501100002322
10.1007/s00606-022-01805-3	10.13039/501100003593
10.1007/s00606-022-01811-5	10.13039/501100002457
10.1007/s00705-021-05326-1	10.13039/501100003593
10.1007/s00705-021-05326-1	10.13039/501100004901
10.1007/s00705-022-05372-3	10.13039/501100001691
10.1007/s00705-022-05387-w	10.13039/501100007846
10.1007/s00705-022-05387-w	10.13039/501100008871
10.1007/s00705-022-05478-8	10.13039/501100003825
10.1007/s00705-022-05503-w	10.13039/501100001809
10.1007/s00705-022-05548-x	10.13039/501100007403
10.1007/s00705-022-05551-2	10.13039/501100002347
10.1007/s00705-022-05551-2	10.13039/501100004115
10.1007/s00705-022-05611-7	10.13039/501100001691
10.1007/s00705-022-05611-7	10.13039/501100010221
10.1007/s00792-022-01263-2	10.13039/100000104
10.1007/s00792-022-01263-2	10.13039/100005985
10.1007/s00792-022-01269-w	10.13039/501100001809
10.1007/s00792-022-01275-y	10.13039/501100001809
10.1007/s00792-022-01280-1	10.13039/501100001809
10.1007/s00792-022-01285-w	10.13039/501100002261
10.1007/s00792-022-01285-w	10.13039/501100012190
10.1007/s10068-021-01027-2	10.13039/501100003725
10.1007/s10228-021-00850-1	10.13039/501100001691
10.1007/s10228-022-00860-7	10.13039/501100012629
10.1007/s10228-022-00899-6	10.13039/501100001691
10.1007/s10228-022-00899-6	10.13039/501100007807
10.1007/s10482-021-01678-5	10.13039/501100009391
10.1007/s10482-021-01688-3	10.13039/501100001809
10.1007/s10482-021-01689-2	10.13039/501100001809
10.1007/s10482-021-01691-8	10.13039/501100003246
10.1007/s10482-021-01691-8	10.13039/501100005039
10.1007/s10482-021-01693-6	10.13039/501100002261
10.1007/s10482-021-01693-6	10.13039/501100011051
10.1007/s10482-021-01694-5	10.13039/501100002322
10.1007/s10482-021-01694-5	10.13039/501100003593
10.1007/s10482-021-01694-5	10.13039/501100004586
10.1007/s10482-021-01696-3	10.13039/501100010221
10.1007/s10482-021-01699-0	10.13039/501100001871
10.1007/s10482-021-01700-w	10.13039/501100009338
10.1007/s10482-021-01700-w	10.13039/501100009338
10.1007/s10482-021-01701-9	10.13039/501100001809
10.1007/s10482-021-01705-5	10.13039/501100001809
10.1007/s10482-021-01706-4	10.13039/501100017639
10.1007/s10482-021-01707-3	10.13039/100012957
10.1007/s10482-021-01707-3	10.13039/501100003246
10.1007/s10482-022-01709-9	10.13039/501100001809
10.1007/s10482-022-01709-9	10.13039/501100012579
10.1007/s10482-022-01710-2	10.13039/501100001809
10.1007/s10482-022-01710-2	10.13039/501100012476
10.1007/s10482-022-01714-y	10.13039/501100006054
10.1007/s10482-022-01715-x	10.13039/501100003725
10.1007/s10482-022-01715-x	10.13039/501100005880
10.1007/s10482-022-01716-w	10.13039/501100012190
10.1007/s10482-022-01723-x	10.13039/501100001809
10.1007/s10482-022-01724-w	10.13039/501100001809
10.1007/s10482-022-01724-w	10.13039/501100012166
10.1007/s10482-022-01728-6	10.13039/100007802
10.1007/s10482-022-01731-x	10.13039/501100001809
10.1007/s10482-022-01731-x	10.13039/501100002858
10.1007/s10482-022-01731-x	10.13039/501100007129
10.1007/s10482-022-01734-8	10.13039/501100006345
10.1007/s10482-022-01741-9	10.13039/501100007288
10.1007/s10482-022-01742-8	10.13039/501100001809
10.1007/s10482-022-01742-8	10.13039/501100002858
10.1007/s10482-022-01742-8	10.13039/501100021171
10.1007/s10482-022-01744-6	10.13039/501100004704
10.1007/s10482-022-01756-2	10.13039/501100001655
10.1007/s10482-022-01763-3	10.13039/501100001809
10.1007/s10482-022-01763-3	10.13039/501100003453
10.1007/s10482-022-01768-y	10.13039/501100004663
10.1007/s10482-022-01769-x	10.13039/501100012190
10.1007/s10482-022-01771-3	10.13039/501100001809
10.1007/s10482-022-01772-2	10.13039/100009377
10.1007/s10482-022-01772-2	10.13039/501100004761
10.1007/s10482-022-01781-1	10.13039/501100012190
10.1007/s10482-022-01786-w	10.13039/501100005090
10.1007/s10482-022-01788-8	10.13039/501100012166
10.1007/s10482-022-01794-w	10.13039/501100005912
10.1007/s10482-022-01800-1	10.13039/501100003725
10.1007/s10482-022-01800-1	10.13039/501100005880
10.1007/s10482-022-01802-z	10.13039/501100001809
10.1007/s10482-022-01802-z	10.13039/501100007129
10.1007/s10914-022-09634-4	10.13039/501100002923
10.1007/s10914-022-09634-4	10.13039/501100006668
10.1007/s11033-022-07302-7	10.13039/501100001407
10.1007/s11230-021-10002-8	10.13039/501100001138
10.1007/s11230-021-10002-8	10.13039/501100001160
10.1007/s11230-021-10013-5	10.13039/501100001691
10.1007/s11230-021-10013-5	10.13039/501100001700
10.1007/s11230-021-10015-3	10.13039/100005825
10.1007/s11230-021-10016-2	10.13039/501100002322
10.1007/s11230-021-10018-0	10.13039/501100003593
10.1007/s11230-021-10019-z	10.13039/100006959
10.1007/s11230-022-10022-y	10.13039/100008247
10.1007/s11230-022-10023-x	10.13039/501100001138
10.1007/s11230-022-10034-8	10.13039/100003231
10.1007/s11230-022-10034-8	10.13039/100008190
10.1007/s11230-022-10034-8	10.13039/100009034
10.1007/s11230-022-10034-8	10.13039/501100001138
10.1007/s11230-022-10034-8	10.13039/501100001794
10.1007/s11230-022-10037-5	10.13039/501100003593
10.1007/s11230-022-10037-5	10.13039/501100005288
10.1007/s11230-022-10038-4	10.13039/501100001138
10.1007/s11230-022-10038-4	10.13039/501100001794
10.1007/s11230-022-10042-8	10.13039/501100002322
10.1007/s11230-022-10042-8	10.13039/501100003593
10.1007/s11230-022-10042-8	10.13039/501100004586
10.1007/s11230-022-10052-6	10.13039/100000057
10.1007/s11230-022-10054-4	10.13039/501100000979
10.1007/s11230-022-10080-2	10.13039/501100001809
10.1007/s11262-022-01900-0	10.13039/501100007601
10.1007/s11262-022-01924-6	10.13039/501100002347
10.1007/s11262-022-01924-6	10.13039/501100004115
10.1007/s11274-021-03213-0	10.13039/501100003508
10.1007/s11557-021-01748-y	10.13039/100007841
10.1007/s11557-021-01748-y	10.13039/501100004663
10.1007/s11557-021-01756-y	10.13039/501100007051
10.1007/s11557-021-01757-x	10.13039/501100001691
10.1007/s11557-021-01757-x	10.13039/501100001691
10.1007/s11557-021-01760-2	10.13039/501100002322
10.1007/s11557-021-01760-2	10.13039/501100003593
10.1007/s11557-021-01760-2	10.13039/501100006162
10.1007/s11557-021-01763-z	10.13039/501100003065
10.1007/s11557-021-01763-z	10.13039/501100008530
10.1007/s11557-021-01767-9	10.13039/501100001809
10.1007/s11557-022-01777-1	10.13039/501100001823
10.1007/s11557-022-01777-1	10.13039/501100003194
10.1007/s11557-022-01783-3	10.13039/501100003593
10.1007/s11557-022-01784-2	10.13039/501100001807
10.1007/s11557-022-01784-2	10.13039/501100003593
10.1007/s11557-022-01787-z	10.13039/501100002661
10.1007/s11557-022-01787-z	10.13039/501100002749
10.1007/s11557-022-01787-z	10.13039/501100002910
10.1007/s11557-022-01797-x	10.13039/501100001809
10.1007/s11557-022-01807-y	10.13039/100007861
10.1007/s11557-022-01807-y	10.13039/501100004192
10.1007/s11557-022-01807-y	10.13039/501100007275
10.1007/s11557-022-01809-w	10.13039/100007917
10.1007/s11557-022-01809-w	10.13039/501100008816
10.1007/s11557-022-01819-8	10.13039/501100004351
10.1007/s11557-022-01824-x	10.13039/501100015319
10.1007/s11557-022-01828-7	10.13039/501100001809
10.1007/s11557-022-01834-9	10.13039/501100003968
10.1007/s11557-022-01847-4	10.13039/501100003593
10.1007/s11557-022-01847-4	10.13039/501100006162
10.1007/s11686-022-00517-5	10.13039/501100015634
10.1007/s11686-022-00545-1	10.13039/100017421
10.1007/s11686-022-00545-1	10.13039/501100001691
10.1007/s11686-022-00545-1	10.13039/501100015600
10.1007/s11686-022-00581-x	10.13039/501100012688
10.1007/s11686-022-00593-7	10.13039/501100002347
10.1007/s11686-022-00593-7	10.13039/501100012688
10.1007/s11686-022-00618-1	10.13039/501100005746
10.1007/s11686-022-00624-3	10.13039/501100001807
10.1007/s11686-022-00637-y	10.13039/501100001410
10.1007/s11686-022-00643-0	10.13039/501100002322
10.1007/s12223-021-00931-8	10.13039/501100001809
10.1007/s12224-022-09418-x	10.13039/501100001843
10.1007/s12224-022-09420-3	10.13039/100014809
10.1007/s12225-021-09992-x	10.13039/100000001
10.1007/s12225-021-09992-x	10.13039/501100003141
10.1007/s12225-021-09992-x	10.13039/501100020652
10.1007/s12225-021-09996-7	10.13039/100009092
10.1007/s12225-021-09997-6	10.13039/501100010034
10.1007/s12225-022-10005-8	10.13039/100011310
10.1007/s12225-022-10005-8	10.13039/501100004071
10.1007/s12225-022-10007-6	10.13039/501100001332
10.1007/s12225-022-10011-w	10.13039/501100005424
10.1007/s12225-022-10011-w	10.13039/501100005609
10.1007/s12225-022-10027-2	10.13039/501100001659
10.1007/s12225-022-10059-8	10.13039/501100004539
10.1007/s12228-021-09689-2	10.13039/501100003593
10.1007/s12228-021-09692-7	10.13039/100007463
10.1007/s12228-022-09710-2	10.13039/501100003593
10.1007/s12374-022-09358-1	10.13039/501100003725
10.1007/s12526-022-01288-y	10.13039/501100001691
10.1007/s12526-022-01294-0	10.13039/100010663
10.1007/s12542-022-00606-w	10.13039/501100003339
10.1007/s12542-022-00606-w	10.13039/501100011033
10.1007/s12549-022-00525-3	10.13039/501100004869
10.1007/s13127-022-00541-3	10.13039/100000076
10.1007/s13127-022-00541-3	10.13039/100005156
10.1007/s13127-022-00541-3	10.13039/501100001659
10.1007/s13127-022-00542-2	10.13039/100007631
10.1007/s13127-022-00542-2	10.13039/100016884
10.1007/s13127-022-00542-2	10.13039/501100000038
10.1007/s13127-022-00546-y	10.13039/501100001809
10.1007/s13127-022-00595-3	10.13039/501100002261
10.1007/s13127-022-00599-z	10.13039/100007386
10.1007/s13205-022-03271-7	10.13039/501100001809
10.1007/s13205-022-03366-1	10.13039/501100001809
10.1007/s13205-022-03366-1	10.13039/501100004608
10.1007/s13225-021-00495-5	10.13039/100016698
10.1007/s13225-021-00497-3	10.13039/501100001809
10.1007/s13225-021-00497-3	10.13039/501100002858
10.1007/s13225-022-00511-2	10.13039/501100001809
10.1007/s13744-022-00945-y	10.13039/501100001809
10.1007/s13744-022-00956-9	10.13039/501100002322
10.1007/s13744-022-00987-2	10.13039/501100003339
10.1007/s13744-022-00987-2	10.13039/501100004837
10.1007/s13744-022-00999-y	10.13039/501100004281
10.1007/s40415-022-00838-9	10.13039/100000154
10.1007/s40415-022-00838-9	10.13039/501100002322
10.1007/s40415-022-00838-9	10.13039/501100003593
10.1007/s40415-022-00838-9	10.13039/501100006181
10.1007/s40858-022-00491-3	10.13039/501100005412
10.1007/s42161-022-01294-w	10.13039/100019789
10.1007/s42690-022-00776-9	10.13039/501100004410
10.1007/s42690-022-00825-3	10.13039/501100001843
10.1007/s42770-022-00841-y	10.13039/501100002322
10.1007/s42770-022-00841-y	10.13039/501100003593
10.1007/s42770-022-00841-y	10.13039/501100003758
10.1016/j.actatropica.2022.106368	10.13039/501100001807
10.1016/j.actatropica.2022.106368	10.13039/501100003593
10.1016/j.anaerobe.2022.102554	10.13039/501100006447
10.1016/j.aspen.2022.101928	10.13039/100010100
10.1016/j.aspen.2022.101928	10.13039/501100001824
10.1016/j.aspen.2022.101928	10.13039/501100007907
10.1016/j.aspen.2022.101928	10.13039/501100007907
10.1016/j.aspen.2022.101928	10.13039/501100014345
10.1016/j.aspen.2022.101928	10.13039/501100019236
10.1016/j.cretres.2021.105128	10.13039/100014440
10.1016/j.cretres.2021.105128	10.13039/501100000780
10.1016/j.cretres.2021.105128	10.13039/501100002809
10.1016/j.cretres.2021.105128	10.13039/501100003030
10.1016/j.cretres.2021.105128	10.13039/501100004895
10.1016/j.cretres.2021.105128	10.13039/501100008530
10.1016/j.cretres.2021.105128	10.13039/501100011033
10.1016/j.cretres.2022.105143	10.13039/501100001809
10.1016/j.cretres.2022.105143	10.13039/501100002367
10.1016/j.cretres.2022.105164	10.13039/501100000831
10.1016/j.cretres.2022.105164	10.13039/501100002367
10.1016/j.cretres.2022.105164	10.13039/501100003443
10.1016/j.cretres.2022.105214	10.13039/501100003725
10.1016/j.cretres.2022.105216	10.13039/501100001691
10.1016/j.cretres.2022.105245	10.13039/501100001691
10.1016/j.crpvbd.2021.100050	10.13039/501100003593
10.1016/j.crpvbd.2021.100050	10.13039/501100004586
10.1016/j.culher.2022.01.010	10.13039/501100000780
10.1016/j.culher.2022.01.010	10.13039/501100008530
10.1016/j.dsr2.2022.105095	10.13039/501100003443
10.1016/j.egg.2022.100114	10.13039/501100001691
10.1016/j.ejop.2021.125789	10.13039/501100000275
10.1016/j.ejop.2021.125789	10.13039/501100003524
10.1016/j.ejop.2021.125792	10.13039/501100001809
10.1016/j.ejop.2021.125795	10.13039/501100011002
10.1016/j.ejop.2021.125823	10.13039/501100001809
10.1016/j.ejop.2021.125823	10.13039/501100002383
10.1016/j.ejop.2021.125825	10.13039/501100003141
10.1016/j.ejop.2021.125826	10.13039/501100001732
10.1016/j.ejop.2021.125826	10.13039/501100002808
10.1016/j.ejop.2021.125836	10.13039/501100002261
10.1016/j.ejop.2021.125836	10.13039/501100002674
10.1016/j.ejop.2021.125836	10.13039/501100004285
10.1016/j.ejop.2021.125837	10.13039/501100002261
10.1016/j.ejop.2021.125837	10.13039/501100004285
10.1016/j.ejop.2021.125837	10.13039/501100006769
10.1016/j.ejop.2021.125838	10.13039/501100000921
10.1016/j.ejop.2021.125838	10.13039/501100008770
10.1016/j.ejop.2021.125842	10.13039/501100002674
10.1016/j.ejop.2021.125844	10.13039/501100001809
10.1016/j.ejop.2021.125844	10.13039/501100002367
10.1016/j.ejop.2021.125844	10.13039/501100010203
10.1016/j.ejop.2021.125844	10.13039/501100017668
10.1016/j.ejop.2021.125853	10.13039/501100004285
10.1016/j.ejop.2021.125853	10.13039/501100006769
10.1016/j.ejop.2021.125854	10.13039/501100001809
10.1016/j.ejop.2021.125854	10.13039/501100004826
10.1016/j.ejop.2021.125855	10.13039/100007594
10.1016/j.ejop.2021.125855	10.13039/501100005357
10.1016/j.ejop.2021.125855	10.13039/501100006109
10.1016/j.ejop.2021.125857	10.13039/100000001
10.1016/j.ejop.2021.125860	10.13039/501100004663
10.1016/j.ejop.2021.125863	10.13039/501100001809
10.1016/j.ejop.2021.125863	10.13039/501100011841
10.1016/j.ejop.2022.125864	10.13039/501100001809
10.1016/j.ejop.2022.125864	10.13039/501100007128
10.1016/j.ejop.2022.125865	10.13039/501100001659
10.1016/j.ejop.2022.125865	10.13039/501100001659
10.1016/j.ejop.2022.125866	10.13039/501100002261
10.1016/j.ejop.2022.125866	10.13039/501100004285
10.1016/j.ejop.2022.125866	10.13039/501100006769
10.1016/j.ejop.2022.125867	10.13039/501100001809
10.1016/j.ejop.2022.125878	10.13039/501100003593
10.1016/j.ejop.2022.125878	10.13039/501100004586
10.1016/j.ejop.2022.125879	10.13039/501100001809
10.1016/j.ejop.2022.125879	10.13039/501100007128
10.1016/j.ejop.2022.125879	10.13039/501100012659
10.1016/j.ejop.2022.125893	10.13039/501100003562
10.1016/j.ejop.2022.125893	10.13039/501100003621
10.1016/j.ejop.2022.125893	10.13039/501100003725
10.1016/j.ejop.2022.125893	10.13039/501100021829
10.1016/j.ejop.2022.125894	10.13039/501100001711
10.1016/j.ejop.2022.125894	10.13039/501100006769
10.1016/j.ejop.2022.125910	10.13039/501100001809
10.1016/j.ejop.2022.125910	10.13039/501100002383
10.1016/j.ejop.2022.125910	10.13039/501100002858
10.1016/j.ejop.2022.125910	10.13039/501100004195
10.1016/j.ejop.2022.125910	10.13039/501100007129
10.1016/j.funbio.2022.03.005	10.13039/501100001809
10.1016/j.funbio.2022.03.005	10.13039/501100015407
10.1016/j.ijfoodmicro.2021.109509	10.13039/501100011045
10.1016/j.ijfoodmicro.2021.109509	10.13039/501100011697
10.1016/j.ijfoodmicro.2021.109509	10.13039/501100017644
10.1016/j.ijppaw.2022.01.006	10.13039/100008190
10.1016/j.ijppaw.2022.01.006	10.13039/100013092
10.1016/j.ijppaw.2022.01.006	10.13039/501100001138
10.1016/j.ijppaw.2022.01.006	10.13039/501100008702
10.1016/j.ijppaw.2022.02.009	10.13039/501100002322
10.1016/j.ijppaw.2022.04.002	10.13039/501100001823
10.1016/j.jcz.2022.02.001	10.13039/501100004564
10.1016/j.jcz.2022.02.004	10.13039/100000001
10.1016/j.jcz.2022.04.004	10.13039/501100002923
10.1016/j.jcz.2022.04.004	10.13039/501100003074
10.1016/j.jcz.2022.04.004	10.13039/501100006668
10.1016/j.jcz.2022.04.005	10.13039/100000001
10.1016/j.jcz.2022.04.005	10.13039/501100003141
10.1016/j.jcz.2022.04.005	10.13039/501100007350
10.1016/j.jgar.2022.04.018	10.13039/501100001691
10.1016/j.jglr.2022.04.006	10.13039/100000139
10.1016/j.jglr.2022.04.006	10.13039/100012796
10.1016/j.jhevol.2021.103076	10.13039/100000001
10.1016/j.jhevol.2021.103076	10.13039/100005966
10.1016/j.jhevol.2021.103076	10.13039/100006363
10.1016/j.jhevol.2021.103076	10.13039/100016761
10.1016/j.jip.2022.107751	10.13039/501100000277
10.1016/j.jip.2022.107754	10.13039/501100000780
10.1016/j.jip.2022.107754	10.13039/501100004895
10.1016/j.jprot.2022.104559	10.13039/100012527
10.1016/j.jprot.2022.104559	10.13039/501100002873
10.1016/j.jprot.2022.104559	10.13039/501100014795
10.1016/j.jprot.2022.104559	10.13039/501100017170
10.1016/j.margen.2021.100899	10.13039/501100001809
10.1016/j.margen.2021.100899	10.13039/501100002367
10.1016/j.margen.2021.100899	10.13039/501100004794
10.1016/j.margen.2021.100899	10.13039/501100012166
10.1016/j.margen.2021.100899	10.13039/501100013072
10.1016/j.micron.2022.103248	10.13039/501100004281
10.1016/j.molliq.2022.119377	10.13039/501100005031
10.1016/j.palaeo.2022.110878	10.13039/501100001809
10.1016/j.palwor.2022.01.002	10.13039/501100001809
10.1016/j.palwor.2022.01.002	10.13039/501100002367
10.1016/j.palwor.2022.01.002	10.13039/501100012274
10.1016/j.palwor.2022.01.009	10.13039/501100001809
10.1016/j.palwor.2022.01.009	10.13039/501100002367
10.1016/j.parint.2021.102443	10.13039/100001250
10.1016/j.parint.2021.102444	10.13039/100010897
10.1016/j.parint.2021.102444	10.13039/501100003593
10.1016/j.parint.2021.102444	10.13039/501100004586
10.1016/j.parint.2021.102445	10.13039/501100002322
10.1016/j.parint.2021.102445	10.13039/501100003593
10.1016/j.parint.2021.102449	10.13039/501100006454
10.1016/j.parint.2021.102450	10.13039/501100007103
10.1016/j.parint.2021.102457	10.13039/501100002322
10.1016/j.parint.2021.102458	10.13039/501100002322
10.1016/j.parint.2021.102458	10.13039/501100004586
10.1016/j.parint.2021.102468	10.13039/501100005739
10.1016/j.parint.2021.102470	10.13039/501100001809
10.1016/j.parint.2021.102470	10.13039/501100002383
10.1016/j.parint.2021.102472	10.13039/501100002322
10.1016/j.parint.2021.102473	10.13039/501100005739
10.1016/j.parint.2021.102475	10.13039/501100004087
10.1016/j.parint.2021.102475	10.13039/501100005946
10.1016/j.parint.2021.102479	10.13039/100015060
10.1016/j.parint.2021.102482	10.13039/501100004564
10.1016/j.parint.2021.102483	10.13039/501100003093
10.1016/j.parint.2021.102484	10.13039/501100002322
10.1016/j.parint.2021.102487	10.13039/501100001691
10.1016/j.parint.2021.102487	10.13039/501100005946
10.1016/j.parint.2021.102489	10.13039/501100001807
10.1016/j.parint.2021.102489	10.13039/501100002322
10.1016/j.parint.2021.102489	10.13039/501100003593
10.1016/j.parint.2021.102492	10.13039/501100000925
10.1016/j.parint.2021.102492	10.13039/501100000996
10.1016/j.parint.2021.102493	10.13039/100009619
10.1016/j.parint.2021.102493	10.13039/501100001691
10.1016/j.parint.2021.102495	10.13039/501100006109
10.1016/j.parint.2021.102497	10.13039/501100004156
10.1016/j.parint.2021.102507	10.13039/501100001691
10.1016/j.parint.2021.102511	10.13039/501100001809
10.1016/j.parint.2021.102511	10.13039/501100002367
10.1016/j.parint.2021.102511	10.13039/501100002855
10.1016/j.parint.2021.102511	10.13039/501100003787
10.1016/j.parint.2021.102511	10.13039/501100012166
10.1016/j.parint.2021.102513	10.13039/501100001659
10.1016/j.parint.2021.102514	10.13039/501100014825
10.1016/j.parint.2021.102515	10.13039/501100004895
10.1016/j.parint.2021.102517	10.13039/501100002322
10.1016/j.parint.2021.102517	10.13039/501100003593
10.1016/j.parint.2021.102518	10.13039/501100004792
10.1016/j.parint.2021.102518	10.13039/501100004793
10.1016/j.parint.2021.102518	10.13039/501100011045
10.1016/j.parint.2021.102518	10.13039/501100015723
10.1016/j.parint.2021.102519	10.13039/501100003093
10.1016/j.parint.2021.102519	10.13039/501100015515
10.1016/j.parint.2021.102522	10.13039/501100001691
10.1016/j.parint.2021.102523	10.13039/501100004697
10.1016/j.parint.2021.102525	10.13039/100007449
10.1016/j.parint.2021.102525	10.13039/501100001691
10.1016/j.parint.2021.102525	10.13039/501100013996
10.1016/j.parint.2021.102526	10.13039/501100000925
10.1016/j.parint.2021.102527	10.13039/100014440
10.1016/j.parint.2021.102528	10.13039/501100008641
10.1016/j.parint.2021.102530	10.13039/501100002322
10.1016/j.parint.2021.102530	10.13039/501100003593
10.1016/j.parint.2021.102530	10.13039/501100004901
10.1016/j.parint.2021.102530	10.13039/501100009730
10.1016/j.parint.2021.102531	10.13039/501100002367
10.1016/j.parint.2021.102531	10.13039/501100012166
10.1016/j.parint.2021.102532	10.13039/501100001691
10.1016/j.parint.2021.102534	10.13039/501100002261
10.1016/j.parint.2021.102535	10.13039/501100001809
10.1016/j.parint.2022.102537	10.13039/501100003196
10.1016/j.parint.2022.102537	10.13039/501100003407
10.1016/j.parint.2022.102539	10.13039/501100004543
10.1016/j.parint.2022.102540	10.13039/501100001691
10.1016/j.parint.2022.102542	10.13039/501100001691
10.1016/j.parint.2022.102549	10.13039/501100002923
10.1016/j.parint.2022.102549	10.13039/501100003074
10.1016/j.parint.2022.102550	10.13039/501100007163
10.1016/j.parint.2022.102554	10.13039/501100009432
10.1016/j.parint.2022.102555	10.13039/501100008828
10.1016/j.parint.2022.102556	10.13039/501100001807
10.1016/j.parint.2022.102556	10.13039/501100002322
10.1016/j.parint.2022.102556	10.13039/501100003593
10.1016/j.parint.2022.102558	10.13039/501100009410
10.1016/j.parint.2022.102560	10.13039/501100001807
10.1016/j.parint.2022.102560	10.13039/501100003593
10.1016/j.parint.2022.102563	10.13039/501100004775
10.1016/j.parint.2022.102563	10.13039/501100013804
10.1016/j.parint.2022.102575	10.13039/100000001
10.1016/j.parint.2022.102575	10.13039/501100002322
10.1016/j.parint.2022.102575	10.13039/501100003593
10.1016/j.parint.2022.102576	10.13039/501100001691
10.1016/j.parint.2022.102576	10.13039/501100001700
10.1016/j.parint.2022.102578	10.13039/501100003141
10.1016/j.parint.2022.102581	10.13039/501100001409
10.1016/j.parint.2022.102581	10.13039/501100004663
10.1016/j.parint.2022.102581	10.13039/501100015515
10.1016/j.parint.2022.102582	10.13039/501100001807
10.1016/j.parint.2022.102587	10.13039/501100001807
10.1016/j.parint.2022.102588	10.13039/501100003593
10.1016/j.parint.2022.102591	10.13039/501100010803
10.1016/j.parint.2022.102592	10.13039/100000865
10.1016/j.parint.2022.102592	10.13039/501100001665
10.1016/j.parint.2022.102592	10.13039/501100014825
10.1016/j.parint.2022.102593	10.13039/100009619
10.1016/j.parint.2022.102593	10.13039/501100001700
10.1016/j.parint.2022.102593	10.13039/501100002241
10.1016/j.parint.2022.102594	10.13039/501100001691
10.1016/j.parint.2022.102595	10.13039/501100002322
10.1016/j.parint.2022.102596	10.13039/100016979
10.1016/j.parint.2022.102596	10.13039/501100001691
10.1016/j.parint.2022.102596	10.13039/501100001700
10.1016/j.parint.2022.102693	10.13039/100014423
10.1016/j.pld.2020.11.003	10.13039/501100001809
10.1016/j.pld.2020.11.003	10.13039/501100002367
10.1016/j.pld.2020.11.004	10.13039/501100001809
10.1016/j.pld.2020.11.004	10.13039/501100002367
10.1016/j.pld.2020.12.006	10.13039/501100001809
10.1016/j.pld.2020.12.006	10.13039/501100002367
10.1016/j.pld.2020.12.006	10.13039/501100004739
10.1016/j.pld.2020.12.006	10.13039/501100005273
10.1016/j.pld.2020.12.006	10.13039/501100012262
10.1016/j.pld.2020.12.006	10.13039/501100012274
10.1016/j.pld.2020.12.006	10.13039/501100013494
10.1016/j.pld.2021.01.001	10.13039/501100001809
10.1016/j.pld.2021.01.002	10.13039/501100001809
10.1016/j.pld.2021.01.003	10.13039/501100001809
10.1016/j.pld.2021.01.008	10.13039/501100002855
10.1016/j.pld.2021.03.001	10.13039/501100011190
10.1016/j.pld.2021.03.004	10.13039/501100002858
10.1016/j.pld.2021.04.002	10.13039/501100001809
10.1016/j.pld.2021.04.007	10.13039/501100001809
10.1016/j.pld.2021.04.007	10.13039/501100012166
10.1016/j.pld.2021.05.001	10.13039/501100001809
10.1016/j.pld.2021.05.002	10.13039/501100001809
10.1016/j.pld.2021.05.002	10.13039/501100002367
10.1016/j.pld.2021.05.002	10.13039/501100018531
10.1016/j.pld.2021.05.003	10.13039/501100001809
10.1016/j.pld.2021.05.005	10.13039/501100005197
10.1016/j.pld.2021.05.006	10.13039/501100002367
10.1016/j.pld.2021.06.003	10.13039/501100001809
10.1016/j.pld.2021.06.003	10.13039/501100007825
10.1016/j.pld.2021.06.004	10.13039/501100002631
10.1016/j.pld.2021.06.004	10.13039/501100011908
10.1016/j.pld.2021.06.006	10.13039/100007229
10.1016/j.pld.2021.06.006	10.13039/501100001809
10.1016/j.pld.2021.06.006	10.13039/501100002367
10.1016/j.pld.2021.06.006	10.13039/501100012226
10.1016/j.pld.2021.06.006	10.13039/501100013804
10.1016/j.pld.2021.06.010	10.13039/100000001
10.1016/j.pld.2021.07.001	10.13039/100015750
10.1016/j.pld.2021.07.001	10.13039/501100001809
10.1016/j.pld.2021.07.001	10.13039/501100002367
10.1016/j.pld.2022.01.001	10.13039/501100000270
10.1016/j.pld.2022.01.001	10.13039/501100001409
10.1016/j.pld.2022.01.001	10.13039/501100001809
10.1016/j.pld.2022.02.001	10.13039/501100001809
10.1016/j.pld.2022.02.001	10.13039/501100002367
10.1016/j.pld.2022.02.002	10.13039/501100001809
10.1016/j.pld.2022.02.002	10.13039/501100002367
10.1016/j.pld.2022.02.002	10.13039/501100004543
10.1016/j.pld.2022.02.002	10.13039/501100004739
10.1016/j.pld.2022.03.002	10.13039/501100001809
10.1016/j.pld.2022.03.002	10.13039/501100002367
10.1016/j.pld.2022.04.003	10.13039/501100011798
10.1016/j.pld.2022.04.003	10.13039/501100012166
10.1016/j.pld.2022.05.002	10.13039/501100001809
10.1016/j.pld.2022.05.002	10.13039/501100018537
10.1016/j.pld.2022.05.003	10.13039/100010743
10.1016/j.pld.2022.05.003	10.13039/501100001809
10.1016/j.protis.2021.125822	10.13039/501100001691
10.1016/j.protis.2021.125830	10.13039/100000936
10.1016/j.protis.2021.125830	10.13039/501100004052
10.1016/j.protis.2021.125831	10.13039/501100001809
10.1016/j.protis.2021.125831	10.13039/501100002383
10.1016/j.protis.2021.125832	10.13039/501100001807
10.1016/j.protis.2021.125832	10.13039/501100003593
10.1016/j.protis.2021.125832	10.13039/501100004794
10.1016/j.protis.2021.125833	10.13039/100007397
10.1016/j.protis.2021.125833	10.13039/501100001824
10.1016/j.protis.2021.125836	10.13039/100000001
10.1016/j.protis.2021.125836	10.13039/100006755
10.1016/j.protis.2021.125836	10.13039/100013825
10.1016/j.protis.2021.125836	10.13039/501100001691
10.1016/j.protis.2021.125844	10.13039/501100001809
10.1016/j.protis.2021.125844	10.13039/501100002383
10.1016/j.protis.2021.125844	10.13039/501100004739
10.1016/j.protis.2021.125844	10.13039/501100012166
10.1016/j.protis.2022.125857	10.13039/501100003141
10.1016/j.protis.2022.125858	10.13039/501100001824
10.1016/j.protis.2022.125867	10.13039/501100001809
10.1016/j.protis.2022.125878	10.13039/501100001691
10.1016/j.protis.2022.125881	10.13039/501100001809
10.1016/j.protis.2022.125881	10.13039/501100007128
10.1016/j.protis.2022.125883	10.13039/100007397
10.1016/j.protis.2022.125883	10.13039/100007543
10.1016/j.protis.2022.125883	10.13039/100008231
10.1016/j.protis.2022.125883	10.13039/501100001824
10.1016/j.protis.2022.125884	10.13039/501100004755
10.1016/j.protis.2022.125885	10.13039/501100002261
10.1016/j.protis.2022.125885	10.13039/501100002674
10.1016/j.revpalbo.2022.104625	10.13039/501100001809
10.1016/j.revpalbo.2022.104625	10.13039/501100004001
10.1016/j.revpalbo.2022.104659	10.13039/501100001659
10.1016/j.revpalbo.2022.104659	10.13039/501100001809
10.1016/j.revpalbo.2022.104659	10.13039/501100002367
10.1016/j.sjbs.2022.103438	10.13039/100004421
10.1016/j.sjbs.2022.103438	10.13039/501100020277
10.1016/j.sjbs.2022.103438	10.13039/501100020278
10.1016/j.supflu.2022.105527	10.13039/501100001807
10.1016/j.supflu.2022.105527	10.13039/501100003593
10.1016/j.supflu.2022.105527	10.13039/501100010751
10.1016/j.syapm.2021.126293	10.13039/100000199
10.1016/j.syapm.2021.126293	10.13039/100007250
10.1016/j.syapm.2021.126293	10.13039/100007579
10.1016/j.syapm.2021.126293	10.13039/100007917
10.1016/j.syapm.2021.126293	10.13039/501100022077
10.1016/j.syapm.2022.126317	10.13039/501100000780
10.1016/j.syapm.2022.126317	10.13039/501100008431
10.1016/j.syapm.2022.126317	10.13039/501100008530
10.1016/j.syapm.2022.126317	10.13039/501100014180
10.1016/j.syapm.2022.126318	10.13039/100010269
10.1016/j.syapm.2022.126318	10.13039/501100003130
10.1016/j.syapm.2022.126318	10.13039/501100004385
10.1016/j.syapm.2022.126318	10.13039/501100015737
10.1016/j.syapm.2022.126319	10.13039/501100001659
10.1016/j.syapm.2022.126319	10.13039/501100004281
10.1016/j.syapm.2022.126319	10.13039/501100004442
10.1016/j.syapm.2022.126324	10.13039/501100005908
10.1016/j.syapm.2022.126325	10.13039/100009068
10.1016/j.syapm.2022.126325	10.13039/501100006454
10.1016/j.syapm.2022.126333	10.13039/501100005908
10.1016/j.syapm.2022.126333	10.13039/501100010812
10.1016/j.syapm.2022.126372	10.13039/501100001809
10.1016/j.syapm.2022.126372	10.13039/501100012166
10.1016/j.ttbdis.2022.101907	10.13039/501100011056
10.1016/j.virol.2022.03.011	10.13039/501100001809
10.1016/j.virol.2022.03.011	10.13039/501100004387
10.1016/j.virol.2022.03.011	10.13039/501100018544
10.1016/j.virusres.2022.198973	10.13039/501100003141
10.1016/j.ympev.2022.107391	10.13039/501100001869
10.1016/j.ympev.2022.107391	10.13039/501100003715
10.1016/j.ympev.2022.107394	10.13039/501100001809
10.1016/j.ympev.2022.107395	10.13039/100000001
10.1016/j.ympev.2022.107395	10.13039/100000002
10.1016/j.ympev.2022.107396	10.13039/100005835
10.1016/j.ympev.2022.107396	10.13039/100010389
10.1016/j.ympev.2022.107397	10.13039/100000001
10.1016/j.ympev.2022.107399	10.13039/100000002
10.1016/j.ympev.2022.107399	10.13039/100000057
10.1016/j.ympev.2022.107402	10.13039/501100004281
10.1016/j.ympev.2022.107403	10.13039/501100001809
10.1016/j.ympev.2022.107403	10.13039/501100002367
10.1016/j.ympev.2022.107403	10.13039/501100002855
10.1016/j.ympev.2022.107403	10.13039/501100004609
10.1016/j.ympev.2022.107403	10.13039/501100012166
10.1016/j.ympev.2022.107406	10.13039/501100001809
10.1016/j.ympev.2022.107406	10.13039/501100012226
10.1016/j.ympev.2022.107407	10.13039/501100000646
10.1016/j.ympev.2022.107407	10.13039/501100006004
10.1016/j.ympev.2022.107410	10.13039/501100001809
10.1016/j.ympev.2022.107411	10.13039/501100003443
10.1016/j.ympev.2022.107414	10.13039/100000001
10.1016/j.ympev.2022.107414	10.13039/501100001409
10.1016/j.ympev.2022.107414	10.13039/501100001421
10.1016/j.ympev.2022.107414	10.13039/501100001502
10.1016/j.ympev.2022.107414	10.13039/501100005357
10.1016/j.ympev.2022.107417	10.13039/501100003725
10.1016/j.ympev.2022.107417	10.13039/501100014188
10.1016/j.ympev.2022.107425	10.13039/501100001734
10.1016/j.ympev.2022.107425	10.13039/501100004836
10.1016/j.ympev.2022.107426	10.13039/501100002322
10.1016/j.ympev.2022.107426	10.13039/501100003593
10.1016/j.ympev.2022.107427	10.13039/501100001809
10.1016/j.ympev.2022.107428	10.13039/100000001
10.1016/j.ympev.2022.107428	10.13039/100000001
10.1016/j.ympev.2022.107428	10.13039/100000002
10.1016/j.ympev.2022.107428	10.13039/100008135
10.1016/j.ympev.2022.107428	10.13039/100008135
10.1016/j.ympev.2022.107428	10.13039/100013235
10.1016/j.ympev.2022.107429	10.13039/501100000270
10.1016/j.ympev.2022.107429	10.13039/501100000923
10.1016/j.ympev.2022.107431	10.13039/501100001809
10.1016/j.ympev.2022.107431	10.13039/501100017529
10.1016/j.ympev.2022.107433	10.13039/100000001
10.1016/j.ympev.2022.107433	10.13039/501100002428
10.1016/j.ympev.2022.107434	10.13039/501100003593
10.1016/j.ympev.2022.107435	10.13039/100000001
10.1016/j.ympev.2022.107439	10.13039/501100001659
10.1016/j.ympev.2022.107441	10.13039/100004410
10.1016/j.ympev.2022.107441	10.13039/501100004281
10.1016/j.ympev.2022.107441	10.13039/501100004442
10.1016/j.ympev.2022.107441	10.13039/501100004569
10.1016/j.ympev.2022.107443	10.13039/501100002850
10.1016/j.ympev.2022.107443	10.13039/501100020884
10.1016/j.ympev.2022.107444	10.13039/100000001
10.1016/j.ympev.2022.107444	10.13039/100016927
10.1016/j.ympev.2022.107444	10.13039/501100004663
10.1016/j.ympev.2022.107444	10.13039/501100006397
10.1016/j.ympev.2022.107456	10.13039/501100001321
10.1016/j.ympev.2022.107457	10.13039/501100001809
10.1016/j.ympev.2022.107460	10.13039/100000001
10.1016/j.ympev.2022.107460	10.13039/501100001691
10.1016/j.ympev.2022.107462	10.13039/501100001807
10.1016/j.ympev.2022.107463	10.13039/100000001
10.1016/j.ympev.2022.107464	10.13039/100006686
10.1016/j.ympev.2022.107466	10.13039/100005835
10.1016/j.ympev.2022.107466	10.13039/100006405
10.1016/j.ympev.2022.107466	10.13039/100014080
10.1016/j.ympev.2022.107466	10.13039/501100003141
10.1016/j.ympev.2022.107466	10.13039/501100003141
10.1016/j.ympev.2022.107466	10.13039/501100005739
10.1016/j.ympev.2022.107466	10.13039/501100005739
10.1016/j.ympev.2022.107467	10.13039/501100003339
10.1016/j.ympev.2022.107467	10.13039/501100004794
10.1016/j.ympev.2022.107479	10.13039/501100001807
10.1016/j.ympev.2022.107479	10.13039/501100002322
10.1016/j.ympev.2022.107480	10.13039/501100003086
10.1016/j.ympev.2022.107480	10.13039/501100003451
10.1016/j.ympev.2022.107480	10.13039/501100004233
10.1016/j.ympev.2022.107481	10.13039/501100001793
10.1016/j.ympev.2022.107482	10.13039/100000001
10.1016/j.ympev.2022.107483	10.13039/100010661
10.1016/j.ympev.2022.107483	10.13039/100010665
10.1016/j.ympev.2022.107483	10.13039/501100007601
10.1016/j.ympev.2022.107484	10.13039/501100001807
10.1016/j.ympev.2022.107484	10.13039/501100002322
10.1016/j.ympev.2022.107484	10.13039/501100003593
10.1016/j.ympev.2022.107485	10.13039/100011310
10.1016/j.ympev.2022.107485	10.13039/501100001809
10.1016/j.ympev.2022.107485	10.13039/501100004912
10.1016/j.ympev.2022.107485	10.13039/501100012226
10.1016/j.ympev.2022.107485	10.13039/501100013804
10.1016/j.ympev.2022.107486	10.13039/100000001
10.1016/j.ympev.2022.107486	10.13039/501100001138
10.1016/j.ympev.2022.107486	10.13039/501100003524
10.1016/j.ympev.2022.107486	10.13039/501100015471
10.1016/j.ympev.2022.107504	10.13039/100014013
10.1016/j.ympev.2022.107504	10.13039/501100000270
10.1016/j.ympev.2022.107504	10.13039/501100002322
10.1016/j.ympev.2022.107507	10.13039/501100001809
10.1016/j.ympev.2022.107515	10.13039/100011484
10.1016/j.ympev.2022.107515	10.13039/100013847
10.1016/j.ympev.2022.107522	10.13039/501100000923
10.1016/j.ympev.2022.107523	10.13039/100000001
10.1016/j.ympev.2022.107523	10.13039/100000002
10.1016/j.ympev.2022.107525	10.13039/100000001
10.1016/j.ympev.2022.107525	10.13039/100000001
10.1016/j.ympev.2022.107525	10.13039/100008175
10.1016/j.ympev.2022.107589	10.13039/100000001
10.1016/j.ympev.2022.107589	10.13039/100000199
10.1017/jpa.2021.114	10.13039/501100004837
10.1017/jpa.2021.117	10.13039/501100001809
10.1017/jpa.2021.117	10.13039/501100002367
10.1017/jpa.2021.118	10.13039/501100001809
10.1017/jpa.2021.118	10.13039/501100001809
10.1017/jpa.2021.118	10.13039/501100001809
10.1017/jpa.2021.118	10.13039/501100001809
10.1017/jpa.2021.118	10.13039/501100001809
10.1017/jpa.2021.118	10.13039/501100002367
10.1017/jpa.2021.118	10.13039/501100002367
10.1017/jpa.2021.118	10.13039/501100002367
10.1017/jpa.2021.118	10.13039/501100002367
10.1017/jpa.2021.118	10.13039/501100002367
10.1017/jpa.2021.120	10.13039/501100002322
10.1017/jpa.2021.120	10.13039/501100003593
10.1017/jpa.2021.123	10.13039/501100006273
10.1017/jpa.2022.11	10.13039/501100000038
10.1017/jpa.2022.11	10.13039/501100000038
10.1017/jpa.2022.12	10.13039/501100001809
10.1017/jpa.2022.12	10.13039/501100001809
10.1017/jpa.2022.12	10.13039/501100004613
10.1017/jpa.2022.14	10.13039/501100000923
10.1017/jpa.2022.15	10.13039/501100007504
10.1017/jpa.2022.19	10.13039/100010841
10.1017/jpa.2022.19	10.13039/100011375
10.1017/jpa.2022.20	10.13039/501100001809
10.1017/jpa.2022.20	10.13039/501100001809
10.1017/jpa.2022.20	10.13039/501100001809
10.1017/jpa.2022.21	10.13039/501100002261
10.1017/jpa.2022.21	10.13039/501100006769
10.1017/jpa.2022.23	10.13039/501100003500
10.1017/jpa.2022.27	10.13039/501100001809
10.1017/jpa.2022.27	10.13039/501100001809
10.1017/jpa.2022.27	10.13039/501100002858
10.1017/jpa.2022.29	10.13039/501100001809
10.1017/jpa.2022.31	10.13039/100006363
10.1017/jpa.2022.31	10.13039/100010841
10.1017/jpa.2022.31	10.13039/501100002790
10.1017/jpa.2022.33	10.13039/501100001809
10.1017/jpa.2022.33	10.13039/501100001809
10.1017/jpa.2022.33	10.13039/501100001809
10.1017/jpa.2022.33	10.13039/501100001809
10.1017/jpa.2022.33	10.13039/501100013314
10.1017/jpa.2022.35	10.13039/501100004359
10.1017/jpa.2022.36	10.13039/501100001809
10.1017/jpa.2022.36	10.13039/501100001809
10.1017/jpa.2022.36	10.13039/501100001809
10.1017/jpa.2022.36	10.13039/501100002367
10.1017/jpa.2022.36	10.13039/501100003725
10.1017/jpa.2022.36	10.13039/501100004230
10.1017/jpa.2022.41	10.13039/100005966
10.1017/jpa.2022.41	10.13039/501100020693
10.1017/jpa.2022.44	10.13039/501100003141
10.1017/jpa.2022.45	10.13039/501100003074
10.1017/jpa.2022.45	10.13039/501100003947
10.1017/jpa.2022.48	10.13039/501100003074
10.1017/jpa.2022.53	10.13039/501100001809
10.1017/jpa.2022.54	10.13039/501100000288
10.1017/jpa.2022.54	10.13039/501100002261
10.1017/jpa.2022.58	10.13039/501100000038
10.1017/jpa.2022.6	10.13039/501100004837
10.1017/jpa.2022.8	10.13039/501100003725
10.1017/jpa.2022.8	10.13039/501100003725
10.1017/jpa.2022.9	10.13039/100015872
10.1017/jpa.2022.9	10.13039/501100007856
10.1017/jpa.2022.9	10.13039/501100010095
10.1017/S0022149X22000189	10.13039/100000001
10.1017/S0022149X22000189	10.13039/501100001501
10.1017/S0022149X22000189	10.13039/501100008789
10.1017/S0022149X22000189	10.13039/501100010963
10.1017/S0024282922000123	10.13039/501100004837
10.1021/acs.accounts.2c00444	10.13039/501100003725
10.1021/acs.analchem.2c02666	10.13039/100000057
10.1021/acs.analchem.2c02666	10.13039/100004419
10.1021/acs.analchem.2c02666	10.13039/100010499
10.1021/jacs.2c02098	10.13039/100014455
10.1038/s41429-022-00525-7	10.13039/501100003725
10.1038/s41429-022-00525-7	10.13039/501100005880
10.1038/s41429-022-00568-w	10.13039/501100001809
10.1038/s41429-022-00589-5	10.13039/501100001691
10.1038/s41467-022-28065-6	10.13039/100000001
10.1038/s41467-022-28065-6	10.13039/100000893
10.1038/s41467-022-28402-9	10.13039/501100001809
10.1038/s41467-022-28402-9	10.13039/501100004607
10.1038/s41598-021-03573-5	10.13039/501100006769
10.1038/s41598-021-03573-5	10.13039/501100015763
10.1038/s41598-021-03573-5	10.13039/501100018818
10.1038/s41598-022-06836-x	10.13039/100007515
10.1038/s41598-022-06836-x	10.13039/501100005357
10.1038/s41598-022-09121-z	10.13039/501100002322
10.1038/s41598-022-09121-z	10.13039/501100003593
10.1038/s41598-022-10486-4	10.13039/100002861
10.1038/s41598-022-10486-4	10.13039/501100002923
10.1038/s41598-022-10486-4	10.13039/501100003074
10.1038/s41598-022-16116-3	10.13039/100016214
10.1038/s41598-022-22784-y	10.13039/501100003246
10.1038/s41598-022-24844-9	10.13039/501100004352
10.1038/s42003-022-03685-2	10.13039/501100001809
10.1038/s42003-022-03685-2	10.13039/501100004001
10.1038/s42003-022-03685-2	10.13039/501100005200
10.1038/s42003-022-03685-2	10.13039/501100009075
10.1039/d2dt01947g	10.13039/501100001403
10.1039/d2dt01947g	10.13039/501100001412
10.1039/d2dt01947g	10.13039/501100001843
10.1051/parasite/2021072	10.13039/501100001138
10.1080/00275514.2021.1994815	10.13039/100010663
10.1080/00275514.2021.1994815	10.13039/501100001862
10.1080/00275514.2021.1994815	10.13039/501100001862
10.1080/00275514.2021.2006995	10.13039/501100012165
10.1080/00275514.2021.2008765	10.13039/501100002869
10.1080/00275514.2021.2008765	10.13039/501100004481
10.1080/00275514.2021.2019547	10.13039/501100006645
10.1080/00275514.2022.2030081	10.13039/501100004281
10.1080/00275514.2022.2031493	10.13039/100000199
10.1080/00275514.2022.2035156	10.13039/501100001691
10.1080/00275514.2022.2037307	10.13039/100000001
10.1080/00275514.2022.2037307	10.13039/501100003593
10.1080/00275514.2022.2037307	10.13039/501100003593
10.1080/00275514.2022.2039487	10.13039/501100001691
10.1080/00275514.2022.2039487	10.13039/501100001700
10.1080/00275514.2022.2040285	10.13039/501100006769
10.1080/00275514.2022.2045116	10.13039/501100000040
10.1080/00275514.2022.2048625	10.13039/100000001
10.1080/00275514.2022.2059639	10.13039/501100004381
10.1080/00275514.2022.2060007	10.13039/501100001407
10.1080/00275514.2022.2060008	10.13039/100005825
10.1080/00275514.2022.2060008	10.13039/100007917
10.1080/00275514.2022.2060008	10.13039/100007917
10.1080/00275514.2022.2065443	10.13039/501100003825
10.1080/00275514.2022.2065443	10.13039/501100005881
10.1080/00275514.2022.2065443	10.13039/501100011019
10.1080/00275514.2022.2065781	10.13039/501100004826
10.1080/00275514.2022.2068114	10.13039/501100003141
10.1080/00275514.2022.2071119	10.13039/501100001691
10.1080/00275514.2022.2072140	10.13039/501100003339
10.1080/00275514.2022.2072148	10.13039/501100005046
10.1080/00275514.2022.2090219	10.13039/100008744
10.1080/00275514.2022.2092365	10.13039/501100002322
10.1080/00275514.2022.2092365	10.13039/501100003593
10.1080/00275514.2022.2092365	10.13039/501100005668
10.1080/00275514.2022.2094116	10.13039/501100001809
10.1080/00275514.2022.2108977	10.13039/100007917
10.1080/00275514.2022.2111052	10.13039/100007802
10.1080/00275514.2022.2115284	10.13039/100000001
10.1080/00275514.2022.2115284	10.13039/100000001
10.1080/00275514.2022.2115284	10.13039/100005825
10.1080/00275514.2022.2115284	10.13039/501100001809
10.1080/00275514.2022.2115420	10.13039/100007229
10.1080/00275514.2022.2119761	10.13039/100006229
10.1080/00275514.2022.2119761	10.13039/100006229
10.1080/00275514.2022.2119761	10.13039/100006229
10.1080/00275514.2022.2119761	10.13039/100006229
10.1080/00275514.2022.2119761	10.13039/100007917
10.1080/00275514.2022.2119761	10.13039/501100011019
10.1080/00275514.2022.2119761	10.13039/501100011019
10.1080/00275514.2022.2125712	10.13039/100000001
10.1080/00275514.2022.2125712	10.13039/100006363
10.1080/00275514.2022.2133526	10.13039/100005156
10.1080/00275514.2022.2135915	10.13039/501100001321
10.1080/0028825X.2022.2064758	10.13039/100009495
10.1080/00305316.2021.2022546	10.13039/501100001809
10.1080/00305316.2021.2023056	10.13039/501100001501
10.1080/00305316.2021.2024464	10.13039/501100007907
10.1080/00305316.2022.2027828	10.13039/501100001809
10.1080/00318884.2021.2006589	10.13039/100001364
10.1080/00318884.2021.2006589	10.13039/100007861
10.1080/00318884.2021.2006589	10.13039/100007917
10.1080/00318884.2022.2025727	10.13039/501100002261
10.1080/00318884.2022.2025727	10.13039/501100012190
10.1080/00318884.2022.2031781	10.13039/100007397
10.1080/00318884.2022.2031781	10.13039/501100001807
10.1080/00318884.2022.2031781	10.13039/501100002322
10.1080/00318884.2022.2034364	10.13039/100000001
10.1080/00318884.2022.2034364	10.13039/501100015737
10.1080/00318884.2022.2035169	10.13039/501100004410
10.1080/00318884.2022.2046933	10.13039/501100003725
10.1080/00318884.2022.2046933	10.13039/501100003725
10.1080/00318884.2022.2073422	10.13039/501100001807
10.1080/00318884.2022.2086428	10.13039/501100012190
10.1080/00318884.2022.2093540	10.13039/100000001
10.1080/00379271.2022.2054468	10.13039/501100001809
10.1080/00379271.2022.2067076	10.13039/501100001809
10.1080/00379271.2022.2081606	10.13039/501100001665
10.1080/00379271.2022.2084641	10.13039/501100001807
10.1080/00379271.2022.2084641	10.13039/501100002322
10.1080/00379271.2022.2084641	10.13039/501100003593
10.1080/00379271.2022.2142158	10.13039/501100002322
10.1080/00379271.2022.2142158	10.13039/501100006182
10.1080/00379271.2022.2147864	10.13039/501100002923
10.1080/01647954.2022.2042382	10.13039/100007225
10.1080/01647954.2022.2049365	10.13039/501100001809
10.1080/01647954.2022.2056245	10.13039/501100004240
10.1080/01647954.2022.2062049	10.13039/501100012190
10.1080/01647954.2022.2134451	10.13039/501100001809
10.1080/01650521.2021.2024054	10.13039/501100002322
10.1080/01650521.2021.2024055	10.13039/501100001807
10.1080/01650521.2021.2024055	10.13039/501100003593
10.1080/01650521.2021.2024055	10.13039/501100003593
10.1080/01650521.2022.2052685	10.13039/100007142
10.1080/01650521.2022.2052685	10.13039/100007463
10.1080/01650521.2022.2052685	10.13039/100014263
10.1080/01650521.2022.2052685	10.13039/501100002923
10.1080/01650521.2022.2052685	10.13039/501100002923
10.1080/01650521.2022.2052685	10.13039/501100003074
10.1080/01650521.2022.2057159	10.13039/501100002322
10.1080/01650521.2022.2057159	10.13039/501100003593
10.1080/01650521.2022.2060544	10.13039/501100001807
10.1080/01650521.2022.2070097	10.13039/501100003141
10.1080/01650521.2022.2076964	10.13039/501100002322
10.1080/01650521.2022.2076964	10.13039/501100004586
10.1080/01650521.2022.2076983	10.13039/501100002322
10.1080/01650521.2022.2076983	10.13039/501100003593
10.1080/01650521.2022.2076983	10.13039/501100003593
10.1080/01650521.2022.2076983	10.13039/501100003593
10.1080/01650521.2022.2085018	10.13039/501100003593
10.1080/01650521.2022.2085018	10.13039/501100005285
10.1080/01650521.2022.2095832	10.13039/501100002322
10.1080/01650521.2022.2095832	10.13039/501100003593
10.1080/01650521.2022.2095832	10.13039/501100004901
10.1080/01650521.2022.2099694	10.13039/100014263
10.1080/01650521.2022.2099694	10.13039/501100002322
10.1080/01650521.2022.2101351	10.13039/100009472
10.1080/01650521.2022.2101351	10.13039/501100002322
10.1080/01650521.2022.2101351	10.13039/501100002322
10.1080/01650521.2022.2101351	10.13039/501100002322
10.1080/01650521.2022.2101351	10.13039/501100015997
10.1080/01650521.2022.2113853	10.13039/501100003593
10.1080/01650521.2022.2129020	10.13039/501100002322
10.1080/01650521.2022.2133410	10.13039/501100005285
10.1080/01650521.2022.2133591	10.13039/501100002322
10.1080/01650521.2022.2147045	10.13039/501100005286
10.1080/01650521.2022.2147046	10.13039/501100003593
10.1080/01650521.2022.2147046	10.13039/501100003593
10.1080/01650521.2022.2147046	10.13039/501100003593
10.1080/01650521.2022.2147435	10.13039/501100002322
10.1080/01650521.2022.2147435	10.13039/501100003593
10.1080/01650521.2022.2147435	10.13039/501100003593
10.1080/0269249X.2021.2010808	10.13039/501100003141
10.1080/0269249X.2021.2010808	10.13039/501100005739
10.1080/0269249X.2021.2010808	10.13039/501100005739
10.1080/0269249X.2022.2130993	10.13039/100005156
10.1080/0269249X.2022.2130993	10.13039/100007463
10.1080/03115518.2021.2012595	10.13039/501100000923
10.1080/03115518.2021.2012595	10.13039/501100001794
10.1080/03736687.2022.2041799	10.13039/501100004837
10.1080/03736687.2022.2041799	10.13039/501100011033
10.1080/08912963.2021.2023138	10.13039/100005835
10.1080/08912963.2021.2023138	10.13039/501100010067
10.1080/08912963.2022.2067757	10.13039/501100002367
10.1080/08912963.2022.2109966	10.13039/501100001871
10.1080/08912963.2022.2130794	10.13039/501100001809
10.1080/09397140.2021.2021655	10.13039/501100003010
10.1080/09397140.2022.2145798	10.13039/501100006769
10.1080/09583157.2022.2035680	10.13039/501100005908
10.1080/09670262.2022.2029950	10.13039/100007225
10.1080/11263504.2022.2100504	10.13039/100007406
10.1080/11263504.2022.2100504	10.13039/501100004837
10.1080/11263504.2022.2100504	10.13039/501100004837
10.1080/13235818.2022.2102887	10.13039/501100001138
10.1080/13235818.2022.2110643	10.13039/501100003549
10.1080/13235818.2022.2110643	10.13039/501100003825
10.1080/13235818.2022.2110643	10.13039/501100010024
10.1080/14772000.2021.2012296	10.13039/501100001809
10.1080/14772000.2022.2030424	10.13039/501100004901
10.1080/14772000.2022.2039317	10.13039/100010952
10.1080/14772000.2022.2039317	10.13039/501100003593
10.1080/14772000.2022.2039317	10.13039/501100004916
10.1080/14772000.2022.2046199	10.13039/100000001
10.1080/14772000.2022.2046199	10.13039/100000001
10.1080/14772000.2022.2046199	10.13039/100000001
10.1080/14772000.2022.2046199	10.13039/501100011820
10.1080/14772000.2022.2116124	10.13039/501100000782
10.1080/14772000.2022.2116124	10.13039/501100008530
10.1080/14772000.2022.2116124	10.13039/501100008530
10.1080/14772019.2022.2109216	10.13039/100000001
10.1080/17451000.2022.2046279	10.13039/501100001809
10.1080/21505594.2022.2026037	10.13039/501100001659
10.1080/23818107.2022.2124452	10.13039/501100002367
10.1080/24750263.2022.2034998	10.13039/501100001809
10.1080/24750263.2022.2107242	10.13039/501100001809
10.1080/26895293.2022.2114551	10.13039/501100012164
10.1093/aob/mcac001	10.13039/501100001809
10.1093/bib/bbac096	10.13039/501100001809
10.1093/bib/bbac096	10.13039/501100003392
10.1093/bib/bbac096	10.13039/501100012226
10.1093/bib/bbac096	10.13039/501100013795
10.1093/botlinnean/boac041	10.13039/501100001824
10.1093/femsec/fiac113	10.13039/501100006769
10.1093/femsle/fnac066	10.13039/100008725
10.1093/femsle/fnac066	10.13039/501100008530
10.1093/femsle/fnac074	10.13039/501100006143
10.1093/femsle/fnac086	10.13039/100013326
10.1093/femsle/fnac086	10.13039/501100001665
10.1093/femsle/fnac086	10.13039/501100002924
10.1093/femsle/fnac099	10.13039/100013633
10.1093/femsle/fnac099	10.13039/501100006143
10.1093/femsle/fnac112	10.13039/501100003711
10.1093/femsle/fnac112	10.13039/501100004565
10.1093/isd/ixab023	10.13039/100000001
10.1093/isd/ixab025	10.13039/100000001
10.1093/isd/ixab026	10.13039/100000001
10.1093/isd/ixab026	10.13039/501100003593
10.1093/isd/ixab029	10.13039/100000001
10.1093/isd/ixab030	10.13039/100014440
10.1093/isd/ixab031	10.13039/100000001
10.1093/isd/ixab032	10.13039/100000001
10.1093/isd/ixab032	10.13039/100016472
10.1093/isd/ixab032	10.13039/100017651
10.1093/isd/ixab032	10.13039/501100003141
10.1093/isd/ixab032	10.13039/501100005739
10.1093/isd/ixac002	10.13039/501100001691
10.1093/isd/ixac016	10.13039/100000199
10.1093/isd/ixac016	10.13039/100000199
10.1093/isd/ixac016	10.13039/100001451
10.1093/isd/ixac020	10.13039/100000001
10.1093/isd/ixac020	10.13039/501100003074
10.1093/isd/ixac026	10.13039/501100001138
10.1093/isd/ixac027	10.13039/501100001509
10.1093/isd/ixac028	10.13039/100000001
10.1093/isd/ixac028	10.13039/100002861
10.1093/isd/ixac028	10.13039/100006363
10.1093/isd/ixac028	10.13039/100017651
10.1093/isd/ixac028	10.13039/501100001655
10.1093/isd/ixac028	10.13039/501100001655
10.1093/isd/ixac028	10.13039/501100004343
10.1093/jcbiol/ruac001	10.13039/501100001809
10.1093/jcbiol/ruac013	10.13039/501100004837
10.1093/jcbiol/ruac027	10.13039/100000138
10.1093/jcbiol/ruac027	10.13039/100000202
10.1093/jcbiol/ruac027	10.13039/100006596
10.1093/jme/tjac071	10.13039/501100002322
10.1093/jme/tjac098	10.13039/501100003758
10.1093/jme/tjac151	10.13039/100000014
10.1093/jme/tjac151	10.13039/100006271
10.1093/jme/tjac151	10.13039/501100006087
10.1093/mmy/myac001	10.13039/100000002
10.1093/mmy/myac001	10.13039/100006108
10.1093/nsr/nwab084	10.13039/501100001809
10.1093/ornithapp/duac025	10.13039/100000001
10.1093/ornithapp/duac025	10.13039/100000005
10.1093/ornithapp/duac025	10.13039/100007270
10.1093/zoolinnean/zlab047	10.13039/100000001
10.1093/zoolinnean/zlab091	10.13039/100010002
10.1093/zoolinnean/zlab091	10.13039/501100004895
10.1093/zoolinnean/zlab102	10.13039/501100001809
10.1093/zoolinnean/zlab102	10.13039/501100002858
10.1093/zoolinnean/zlab102	10.13039/501100012166
10.1093/zoolinnean/zlab109	10.13039/501100002261
10.1093/zoolinnean/zlab109	10.13039/501100006769
10.1093/zoolinnean/zlab114	10.13039/100000001
10.1093/zoolinnean/zlab114	10.13039/100000002
10.1093/zoolinnean/zlab114	10.13039/100000057
10.1093/zoolinnean/zlab121	10.13039/501100001659
10.1093/zoolinnean/zlab121	10.13039/501100001711
10.1093/zoolinnean/zlab125	10.13039/501100001809
10.1093/zoolinnean/zlab126	10.13039/100000001
10.1093/zoolinnean/zlac004	10.13039/501100003141
10.1093/zoolinnean/zlac004	10.13039/501100005739
10.1093/zoolinnean/zlac006	10.13039/100000001
10.1093/zoolinnean/zlac009	10.13039/100000001
10.1093/zoolinnean/zlac011	10.13039/100007797
10.1093/zoolinnean/zlac011	10.13039/501100003593
10.1093/zoolinnean/zlac011	10.13039/501100004809
10.1093/zoolinnean/zlac011	10.13039/501100005288
10.1093/zoolinnean/zlac014	10.13039/100009152
10.1093/zoolinnean/zlac020	10.13039/501100004663
10.1093/zoolinnean/zlac021	10.13039/501100001871
10.1093/zoolinnean/zlac021	10.13039/501100003329
10.1093/zoolinnean/zlac021	10.13039/501100003451
10.1093/zoolinnean/zlac021	10.13039/501100003451
10.1093/zoolinnean/zlac021	10.13039/501100008530
10.1093/zoolinnean/zlac023	10.13039/501100001665
10.1093/zoolinnean/zlac023	10.13039/501100001691
10.1093/zoolinnean/zlac026	10.13039/501100001807
10.1093/zoolinnean/zlac026	10.13039/501100002322
10.1093/zoolinnean/zlac026	10.13039/501100003593
10.1093/zoolinnean/zlac028	10.13039/501100001809
10.1093/zoolinnean/zlac031	10.13039/501100001381
10.1093/zoolinnean/zlac034	10.13039/501100001659
10.1093/zoolinnean/zlac036	10.13039/501100001809
10.1093/zoolinnean/zlac036	10.13039/501100002858
10.1093/zoolinnean/zlac036	10.13039/501100003392
10.1093/zoolinnean/zlac036	10.13039/501100004230
10.1093/zoolinnean/zlac037	10.13039/501100004359
10.1093/zoolinnean/zlac040	10.13039/100001399
10.1093/zoolinnean/zlac040	10.13039/501100001655
10.1093/zoolinnean/zlac041	10.13039/100010841
10.1093/zoolinnean/zlac041	10.13039/501100002322
10.1093/zoolinnean/zlac042	10.13039/501100003329
10.1093/zoolinnean/zlac042	10.13039/501100004837
10.1093/zoolinnean/zlac044	10.13039/501100011033
10.1093/zoolinnean/zlac046	10.13039/501100004895
10.1093/zoolinnean/zlac046	10.13039/501100011033
10.1093/zoolinnean/zlac046	10.13039/501100022397
10.1093/zoolinnean/zlac047	10.13039/501100001809
10.1093/zoolinnean/zlac047	10.13039/501100012166
10.1093/zoolinnean/zlac048	10.13039/501100004263
10.1093/zoolinnean/zlac055	10.13039/501100001665
10.1093/zoolinnean/zlac060	10.13039/100008247
10.1093/zoolinnean/zlac060	10.13039/501100001711
10.1093/zoolinnean/zlac062	10.13039/501100002322
10.1093/zoolinnean/zlac062	10.13039/501100003593
10.1093/zoolinnean/zlac062	10.13039/501100004263
10.1093/zoolinnean/zlac064	10.13039/501100001665
10.1093/zoolinnean/zlac092	10.13039/100010841
10.1093/zoolinnean/zlac092	10.13039/501100002322
10.1094/PDIS-01-22-0097-RE	10.13039/501100005197
10.1094/PDIS-01-22-0097-RE	10.13039/501100018554
10.1094/PDIS-11-21-2444-RE	10.13039/100005825
10.1094/PDIS-11-21-2444-RE	10.13039/100016711
10.1094/PDIS-12-21-2774-PDN	10.13039/501100001809
10.1098/rspb.2022.1102	10.13039/100008398
10.1098/rspb.2022.1102	10.13039/100010665
10.1099/ijsem.0.004477	10.13039/100007636
10.1099/ijsem.0.004609	10.13039/100010661
10.1099/ijsem.0.004616	10.13039/501100004663
10.1099/ijsem.0.004616	10.13039/501100004663
10.1099/ijsem.0.004616	10.13039/501100004663
10.1099/ijsem.0.004617	10.13039/501100003715
10.1099/ijsem.0.004618	10.13039/501100001809
10.1099/ijsem.0.004618	10.13039/501100001809
10.1099/ijsem.0.004618	10.13039/501100013076
10.1099/ijsem.0.004618	10.13039/501100013076
10.1099/ijsem.0.004928	10.13039/501100008787
10.1099/ijsem.0.005153	10.13039/100007917
10.1099/ijsem.0.005173	10.13039/501100001809
10.1099/ijsem.0.005178	10.13039/100000076
10.1099/ijsem.0.005182	10.13039/501100001809
10.1099/ijsem.0.005183	10.13039/501100004396
10.1099/ijsem.0.005183	10.13039/501100005621
10.1099/ijsem.0.005187	10.13039/501100001809
10.1099/ijsem.0.005187	10.13039/501100007129
10.1099/ijsem.0.005187	10.13039/501100012476
10.1099/ijsem.0.005191	10.13039/501100005621
10.1099/ijsem.0.005195	10.13039/501100001809
10.1099/ijsem.0.005195	10.13039/501100001809
10.1099/ijsem.0.005198	10.13039/501100001809
10.1099/ijsem.0.005198	10.13039/501100004001
10.1099/ijsem.0.005199	10.13039/501100001809
10.1099/ijsem.0.005199	10.13039/501100001809
10.1099/ijsem.0.005200	10.13039/501100001809
10.1099/ijsem.0.005202	10.13039/501100001809
10.1099/ijsem.0.005202	10.13039/501100001809
10.1099/ijsem.0.005202	10.13039/501100004739
10.1099/ijsem.0.005204	10.13039/501100002527
10.1099/ijsem.0.005205	10.13039/501100001809
10.1099/ijsem.0.005206	10.13039/501100001809
10.1099/ijsem.0.005206	10.13039/501100001809
10.1099/ijsem.0.005207	10.13039/501100002848
10.1099/ijsem.0.005207	10.13039/501100002848
10.1099/ijsem.0.005207	10.13039/501100002848
10.1099/ijsem.0.005207	10.13039/501100004837
10.1099/ijsem.0.005209	10.13039/501100003725
10.1099/ijsem.0.005210	10.13039/501100001809
10.1099/ijsem.0.005210	10.13039/501100001809
10.1099/ijsem.0.005210	10.13039/501100001809
10.1099/ijsem.0.005210	10.13039/501100001809
10.1099/ijsem.0.005210	10.13039/501100001809
10.1099/ijsem.0.005210	10.13039/501100012226
10.1099/ijsem.0.005215	10.13039/501100005147
10.1099/ijsem.0.005215	10.13039/501100008921
10.1099/ijsem.0.005215	10.13039/501100010825
10.1099/ijsem.0.005215	10.13039/501100010871
10.1099/ijsem.0.005215	10.13039/501100010905
10.1099/ijsem.0.005216	10.13039/501100001809
10.1099/ijsem.0.005216	10.13039/501100001809
10.1099/ijsem.0.005218	10.13039/501100002460
10.1099/ijsem.0.005219	10.13039/501100012550
10.1099/ijsem.0.005220	10.13039/501100003668
10.1099/ijsem.0.005221	10.13039/100007802
10.1099/ijsem.0.005222	10.13039/501100012190
10.1099/ijsem.0.005223	10.13039/501100001665
10.1099/ijsem.0.005223	10.13039/501100006003
10.1099/ijsem.0.005223	10.13039/501100010198
10.1099/ijsem.0.005225	10.13039/100007917
10.1099/ijsem.0.005226	10.13039/501100003725
10.1099/ijsem.0.005226	10.13039/501100009338
10.1099/ijsem.0.005227	10.13039/501100002460
10.1099/ijsem.0.005227	10.13039/501100005880
10.1099/ijsem.0.005229	10.13039/501100003549
10.1099/ijsem.0.005229	10.13039/501100013948
10.1099/ijsem.0.005230	10.13039/501100005880
10.1099/ijsem.0.005232	10.13039/100014718
10.1099/ijsem.0.005232	10.13039/501100001809
10.1099/ijsem.0.005233	10.13039/100000076
10.1099/ijsem.0.005234	10.13039/501100006668
10.1099/ijsem.0.005234	10.13039/501100006668
10.1099/ijsem.0.005236	10.13039/501100001809
10.1099/ijsem.0.005236	10.13039/501100001809
10.1099/ijsem.0.005236	10.13039/501100002858
10.1099/ijsem.0.005237	10.13039/501100001809
10.1099/ijsem.0.005238	10.13039/501100014188
10.1099/ijsem.0.005239	10.13039/100007802
10.1099/ijsem.0.005241	10.13039/501100001809
10.1099/ijsem.0.005241	10.13039/501100010031
10.1099/ijsem.0.005241	10.13039/501100012269
10.1099/ijsem.0.005242	10.13039/501100001809
10.1099/ijsem.0.005243	10.13039/100010269
10.1099/ijsem.0.005243	10.13039/501100000038
10.1099/ijsem.0.005243	10.13039/501100001659
10.1099/ijsem.0.005244	10.13039/501100001809
10.1099/ijsem.0.005244	10.13039/501100001809
10.1099/ijsem.0.005244	10.13039/501100012166
10.1099/ijsem.0.005244	10.13039/501100013093
10.1099/ijsem.0.005246	10.13039/501100001809
10.1099/ijsem.0.005246	10.13039/501100001809
10.1099/ijsem.0.005247	10.13039/100011094
10.1099/ijsem.0.005248	10.13039/501100001809
10.1099/ijsem.0.005248	10.13039/501100001809
10.1099/ijsem.0.005248	10.13039/501100001809
10.1099/ijsem.0.005248	10.13039/501100003453
10.1099/ijsem.0.005254	10.13039/501100012309
10.1099/ijsem.0.005254	10.13039/501100012309
10.1099/ijsem.0.005257	10.13039/501100003392
10.1099/ijsem.0.005258	10.13039/501100001809
10.1099/ijsem.0.005259	10.13039/501100001809
10.1099/ijsem.0.005261	10.13039/501100002322
10.1099/ijsem.0.005261	10.13039/501100003401
10.1099/ijsem.0.005261	10.13039/501100003593
10.1099/ijsem.0.005261	10.13039/501100003593
10.1099/ijsem.0.005261	10.13039/501100003593
10.1099/ijsem.0.005261	10.13039/501100003593
10.1099/ijsem.0.005261	10.13039/501100004901
10.1099/ijsem.0.005261	10.13039/501100004901
10.1099/ijsem.0.005261	10.13039/501100004901
10.1099/ijsem.0.005262	10.13039/501100012544
10.1099/ijsem.0.005263	10.13039/501100010905
10.1099/ijsem.0.005265	10.13039/501100001809
10.1099/ijsem.0.005265	10.13039/501100001809
10.1099/ijsem.0.005265	10.13039/501100001809
10.1099/ijsem.0.005265	10.13039/501100001809
10.1099/ijsem.0.005265	10.13039/501100002858
10.1099/ijsem.0.005265	10.13039/501100021171
10.1099/ijsem.0.005267	10.13039/501100002555
10.1099/ijsem.0.005267	10.13039/501100005880
10.1099/ijsem.0.005269	10.13039/501100005621
10.1099/ijsem.0.005269	10.13039/501100012309
10.1099/ijsem.0.005270	10.13039/501100005880
10.1099/ijsem.0.005278	10.13039/501100003993
10.1099/ijsem.0.005280	10.13039/501100001809
10.1099/ijsem.0.005281	10.13039/501100001809
10.1099/ijsem.0.005281	10.13039/501100003453
10.1099/ijsem.0.005282	10.13039/501100012476
10.1099/ijsem.0.005283	10.13039/100005156
10.1099/ijsem.0.005283	10.13039/501100003072
10.1099/ijsem.0.005284	10.13039/501100000038
10.1099/ijsem.0.005285	10.13039/501100001809
10.1099/ijsem.0.005285	10.13039/501100021180
10.1099/ijsem.0.005286	10.13039/501100001809
10.1099/ijsem.0.005286	10.13039/501100010823
10.1099/ijsem.0.005286	10.13039/501100012166
10.1099/ijsem.0.005287	10.13039/501100002460
10.1099/ijsem.0.005287	10.13039/501100005880
10.1099/ijsem.0.005297	10.13039/100007014
10.1099/ijsem.0.005302	10.13039/501100005880
10.1099/ijsem.0.005306	10.13039/501100007270
10.1099/ijsem.0.005308	10.13039/501100001809
10.1099/ijsem.0.005309	10.13039/501100001823
10.1099/ijsem.0.005309	10.13039/501100001823
10.1099/ijsem.0.005310	10.13039/501100001809
10.1099/ijsem.0.005311	10.13039/100007917
10.1099/ijsem.0.005313	10.13039/501100001809
10.1099/ijsem.0.005315	10.13039/501100003725
10.1099/ijsem.0.005315	10.13039/501100005880
10.1099/ijsem.0.005316	10.13039/501100001809
10.1099/ijsem.0.005316	10.13039/501100012230
10.1099/ijsem.0.005318	10.13039/501100001809
10.1099/ijsem.0.005319	10.13039/501100002347
10.1099/ijsem.0.005323	10.13039/501100001809
10.1099/ijsem.0.005324	10.13039/501100005880
10.1099/ijsem.0.005325	10.13039/501100001809
10.1099/ijsem.0.005328	10.13039/501100001809
10.1099/ijsem.0.005328	10.13039/501100001809
10.1099/ijsem.0.005328	10.13039/501100001862
10.1099/ijsem.0.005328	10.13039/501100001862
10.1099/ijsem.0.005328	10.13039/501100004360
10.1099/ijsem.0.005330	10.13039/501100001809
10.1099/ijsem.0.005333	10.13039/501100002347
10.1099/ijsem.0.005334	10.13039/501100004763
10.1099/ijsem.0.005336	10.13039/501100004663
10.1099/ijsem.0.005336	10.13039/501100004663
10.1099/ijsem.0.005336	10.13039/501100004663
10.1099/ijsem.0.005337	10.13039/501100001809
10.1099/ijsem.0.005339	10.13039/501100001809
10.1099/ijsem.0.005339	10.13039/501100002855
10.1099/ijsem.0.005339	10.13039/501100002855
10.1099/ijsem.0.005340	10.13039/501100011496
10.1099/ijsem.0.005341	10.13039/501100001809
10.1099/ijsem.0.005341	10.13039/501100012166
10.1099/ijsem.0.005342	10.13039/100012540
10.1099/ijsem.0.005342	10.13039/501100012692
10.1099/ijsem.0.005342	10.13039/501100013142
10.1099/ijsem.0.005345	10.13039/501100001809
10.1099/ijsem.0.005345	10.13039/501100001809
10.1099/ijsem.0.005346	10.13039/501100001809
10.1099/ijsem.0.005347	10.13039/501100001691
10.1099/ijsem.0.005347	10.13039/501100001691
10.1099/ijsem.0.005347	10.13039/501100001691
10.1099/ijsem.0.005349	10.13039/501100012165
10.1099/ijsem.0.005351	10.13039/501100001809
10.1099/ijsem.0.005352	10.13039/501100004608
10.1099/ijsem.0.005358	10.13039/501100010823
10.1099/ijsem.0.005358	10.13039/501100012165
10.1099/ijsem.0.005359	10.13039/501100001809
10.1099/ijsem.0.005362	10.13039/501100001809
10.1099/ijsem.0.005362	10.13039/501100001809
10.1099/ijsem.0.005363	10.13039/501100005880
10.1099/ijsem.0.005369	10.13039/501100003700
10.1099/ijsem.0.005369	10.13039/501100008783
10.1099/ijsem.0.005371	10.13039/501100012166
10.1099/ijsem.0.005373	10.13039/501100001809
10.1099/ijsem.0.005374	10.13039/501100003524
10.1099/ijsem.0.005374	10.13039/501100003524
10.1099/ijsem.0.005377	10.13039/501100001809
10.1099/ijsem.0.005377	10.13039/501100004731
10.1099/ijsem.0.005379	10.13039/100009619
10.1099/ijsem.0.005379	10.13039/501100001691
10.1099/ijsem.0.005379	10.13039/501100001691
10.1099/ijsem.0.005379	10.13039/501100001691
10.1099/ijsem.0.005380	10.13039/100014718
10.1099/ijsem.0.005380	10.13039/100014718
10.1099/ijsem.0.005383	10.13039/501100001824
10.1099/ijsem.0.005385	10.13039/501100001809
10.1099/ijsem.0.005394	10.13039/501100012239
10.1099/ijsem.0.005396	10.13039/501100001809
10.1099/ijsem.0.005396	10.13039/501100012248
10.1099/ijsem.0.005397	10.13039/501100002855
10.1099/ijsem.0.005398	10.13039/501100001809
10.1099/ijsem.0.005400	10.13039/501100003715
10.1099/ijsem.0.005400	10.13039/501100005880
10.1099/ijsem.0.005401	10.13039/501100001809
10.1099/ijsem.0.005402	10.13039/501100001809
10.1099/ijsem.0.005404	10.13039/501100001809
10.1099/ijsem.0.005404	10.13039/501100012166
10.1099/ijsem.0.005404	10.13039/501100012269
10.1099/ijsem.0.005405	10.13039/501100005880
10.1099/ijsem.0.005407	10.13039/501100001809
10.1099/ijsem.0.005408	10.13039/501100008530
10.1099/ijsem.0.005409	10.13039/501100001809
10.1099/ijsem.0.005409	10.13039/501100001809
10.1099/ijsem.0.005409	10.13039/501100002941
10.1099/ijsem.0.005410	10.13039/100015081
10.1099/ijsem.0.005411	10.13039/501100001809
10.1099/ijsem.0.005414	10.13039/501100001809
10.1099/ijsem.0.005414	10.13039/501100012166
10.1099/ijsem.0.005416	10.13039/501100001809
10.1099/ijsem.0.005418	10.13039/501100006110
10.1099/ijsem.0.005419	10.13039/501100000923
10.1099/ijsem.0.005420	10.13039/501100001809
10.1099/ijsem.0.005421	10.13039/501100001809
10.1099/ijsem.0.005423	10.13039/501100005880
10.1099/ijsem.0.005432	10.13039/501100001809
10.1099/ijsem.0.005432	10.13039/501100013066
10.1099/ijsem.0.005433	10.13039/501100002460
10.1099/ijsem.0.005433	10.13039/501100021829
10.1099/ijsem.0.005435	10.13039/501100005621
10.1099/ijsem.0.005436	10.13039/501100001809
10.1099/ijsem.0.005442	10.13039/501100003715
10.1099/ijsem.0.005442	10.13039/501100005880
10.1099/ijsem.0.005444	10.13039/501100001809
10.1099/ijsem.0.005444	10.13039/501100021171
10.1099/ijsem.0.005447	10.13039/501100004704
10.1099/ijsem.0.005448	10.13039/501100001809
10.1099/ijsem.0.005448	10.13039/501100012166
10.1099/ijsem.0.005478	10.13039/501100001691
10.1099/ijsem.0.005488	10.13039/501100005621
10.1099/ijsem.0.005497	10.13039/100005156
10.1099/ijsem.0.005497	10.13039/501100003495
10.1099/ijsem.0.005501	10.13039/501100001809
10.1099/ijsem.0.005502	10.13039/501100001809
10.1099/ijsem.0.005502	10.13039/501100013314
10.1099/ijsem.0.005504	10.13039/501100007162
10.1099/ijsem.0.005505	10.13039/501100001809
10.1099/ijsem.0.005506	10.13039/501100010031
10.1099/ijsem.0.005508	10.13039/501100001659
10.1099/ijsem.0.005508	10.13039/501100001659
10.1099/ijsem.0.005518	10.13039/501100011844
10.1099/ijsem.0.005521	10.13039/501100003850
10.1099/ijsem.0.005525	10.13039/501100001711
10.1099/ijsem.0.005525	10.13039/501100003357
10.1099/ijsem.0.005525	10.13039/501100020884
10.1099/ijsem.0.005541	10.13039/100016287
10.1099/ijsem.0.005541	10.13039/501100001823
10.1099/ijsem.0.005541	10.13039/501100001823
10.1099/ijsem.0.005541	10.13039/501100001823
10.1099/ijsem.0.005541	10.13039/501100014911
10.1099/ijsem.0.005543	10.13039/501100001809
10.1099/ijsem.0.005548	10.13039/501100001809
10.1099/ijsem.0.005548	10.13039/501100001809
10.1099/ijsem.0.005561	10.13039/501100005270
10.1099/ijsem.0.005561	10.13039/501100015017
10.1099/ijsem.0.005567	10.13039/501100001809
10.1099/ijsem.0.005567	10.13039/501100001809
10.1099/ijsem.0.005569	10.13039/501100001809
10.1099/ijsem.0.005571	10.13039/501100000146
10.1099/ijsem.0.005572	10.13039/501100001809
10.1099/ijsem.0.005574	10.13039/100007917
10.1099/ijsem.0.005577	10.13039/501100001809
10.1099/ijsem.0.005579	10.13039/501100012166
10.1099/ijsem.0.005579	10.13039/501100012166
10.1099/ijsem.0.005582	10.13039/501100001809
10.1099/ijsem.0.005582	10.13039/501100010031
10.1099/ijsem.0.005593	10.13039/501100003627
10.1099/ijsem.0.005593	10.13039/501100011088
10.1099/ijsem.0.005600	10.13039/501100004329
10.1099/ijsem.0.005602	10.13039/501100001809
10.1099/ijsem.0.005603	10.13039/501100004359
10.1099/ijsem.0.005603	10.13039/501100004937
10.1099/ijsem.0.005603	10.13039/501100004937
10.1099/ijsem.0.005606	10.13039/501100001809
10.1099/ijsem.0.005606	10.13039/501100001809
10.1099/ijsem.0.005606	10.13039/501100001809
10.1099/ijsem.0.005608	10.13039/501100007161
10.1099/ijsem.0.005615	10.13039/501100001809
10.1099/ijsem.0.005616	10.13039/501100001809
10.1099/ijsem.0.005616	10.13039/501100002858
10.1099/ijsem.0.005621	10.13039/501100001809
10.1099/ijsem.0.005621	10.13039/501100001809
10.1099/ijsem.0.005623	10.13039/100006132
10.1099/ijsem.0.005623	10.13039/100010661
10.1099/ijsem.0.005624	10.13039/501100001809
10.1099/ijsem.0.005624	10.13039/501100012166
10.1099/ijsem.0.005627	10.13039/501100001809
10.1099/ijsem.0.005627	10.13039/501100001809
10.1099/ijsem.0.005627	10.13039/501100001809
10.1099/ijsem.0.005629	10.13039/501100001809
10.1099/ijsem.0.005629	10.13039/501100015218
10.1099/ijsem.0.005631	10.13039/501100003662
10.1099/ijsem.0.005631	10.13039/501100003715
10.1099/ijsem.0.005631	10.13039/501100014188
10.1099/ijsem.0.005631	10.13039/501100014188
10.1099/ijsem.0.005631	10.13039/501100014188
10.1099/ijsem.0.005631	10.13039/501100014188
10.1099/ijsem.0.005632	10.13039/100016691
10.1099/ijsem.0.005632	10.13039/501100001809
10.1099/ijsem.0.005632	10.13039/501100001809
10.1099/ijsem.0.005633	10.13039/501100012166
10.1099/ijsem.0.005633	10.13039/501100012166
10.1099/ijsem.0.005637	10.13039/501100001809
10.1099/ijsem.0.005647	10.13039/501100001809
10.1099/ijsem.0.005659	10.13039/501100001809
10.1111/aen.12582	10.13039/501100001138
10.1111/aen.12583	10.13039/501100001054
10.1111/aen.12583	10.13039/501100008916
10.1111/cla.12503	10.13039/501100001809
10.1111/eva.13281	10.13039/501100003524
10.1111/jeu.12902	10.13039/501100001711
10.1111/jeu.12902	10.13039/501100003593
10.1111/jeu.12938	10.13039/501100001809
10.1111/jfb.15071	10.13039/501100003593
10.1111/jfb.15071	10.13039/501100004586
10.1111/jpy.13246	10.13039/501100001809
10.1111/jpy.13248	10.13039/501100001809
10.1111/jse.12831	10.13039/501100001809
10.1111/nph.17956	10.13039/501100001809
10.1111/nph.17956	10.13039/501100012226
10.1111/nph.17991	10.13039/501100000268
10.1111/odi.14373	10.13039/501100014175
10.1111/zsc.12527	10.13039/501100001809
10.1111/zsc.12527	10.13039/501100001809
10.1128/mbio.03421-21	10.13039/100000001
10.1128/mbio.03421-21	10.13039/100000008
10.1128/mbio.03421-21	10.13039/100000104
10.1128/mbio.03421-21	10.13039/100000104
10.1128/mra.00030-22	10.13039/100009495
10.1128/mra.00030-22	10.13039/501100009193
10.1128/msphere.00908-21	10.13039/100000002
10.1128/msphere.00908-21	10.13039/100000054
10.1128/msphere.00908-21	10.13039/100006752
10.1128/msystems.00016-22	10.13039/100008398
10.11609/jott.7445.14.4.20926-20929	10.13039/501100001843
10.11609/jott.7558.14.2.20672-20676	10.13039/501100001655
10.11609/jott.7663.14.2.20615-20624	10.13039/501100001851
10.11609/jott.7670.14.1.20488-20493	10.13039/100001184
10.11609/jott.7711.14.1.20346-20370	10.13039/501100014742
10.11609/jott.7758.14.5.20964-20969	10.13039/501100003725
10.11609/jott.7769.14.4.20930-20934	10.13039/501100018974
10.11609/jott.7779.14.4.20935-20938	10.13039/501100007907
10.11609/jott.7842.14.8.21588-21604	10.13039/100011150
10.11609/jott.7842.14.8.21588-21604	10.13039/100016195
10.11609/jott.7891.14.7.21467-21469	10.13039/501100019402
10.11609/jott.7897.14.12.22341-22345	10.13039/501100001409
10.11609/jott.7957.14.9.21836-21844	10.13039/100006363
10.11609/jott.8026.14.7.21462-21466	10.13039/501100001409
10.11609/jott.8049.14.11.22190-22194	10.13039/501100001409
10.11609/jott.8167.14.12.22337-22340	10.13039/501100003593
10.11609/jott.8167.14.12.22337-22340	10.13039/501100004586
10.1177/09596836221074035	10.13039/501100001647
10.1177/09596836221074035	10.13039/501100001663
10.1186/s12934-022-01852-y	10.13039/501100017170
10.1186/s13002-022-00503-1	10.13039/501100002322
10.1186/s13002-022-00503-1	10.13039/501100006162
10.1186/s13071-021-05136-z	10.13039/501100001809
10.1186/s13071-022-05544-9	10.13039/501100001809
10.1186/s13358-022-00254-2	10.13039/501100001711
10.1186/s40529-022-00350-z	10.13039/100007844
10.1186/s40529-022-00350-z	10.13039/100013035
10.1186/s40529-022-00350-z	10.13039/501100004663
10.1186/s40850-022-00127-8	10.13039/501100001809
10.1186/s40850-022-00136-7	10.13039/501100002322
10.1371/journal.pone.0261682	10.13039/501100001824
10.1371/journal.pone.0264081	10.13039/501100001807
10.1371/journal.pone.0264081	10.13039/501100001807
10.1371/journal.pone.0264081	10.13039/501100002322
10.1371/journal.pone.0264081	10.13039/501100003593
10.1371/journal.pone.0264143	10.13039/100000001
10.1371/journal.pone.0264264	10.13039/501100001807
10.1371/journal.pone.0264264	10.13039/501100001807
10.1371/journal.pone.0264264	10.13039/501100001807
10.1371/journal.pone.0264264	10.13039/501100002322
10.1371/journal.pone.0264264	10.13039/501100003593
10.1371/journal.pone.0264264	10.13039/501100003593
10.1371/journal.pone.0264264	10.13039/501100009952
10.1371/journal.pone.0264419	10.13039/501100001809
10.1371/journal.pone.0264419	10.13039/501100001809
10.1371/journal.pone.0265336	10.13039/501100002322
10.1371/journal.pone.0271174	10.13039/100018736
10.1371/journal.pone.0276846	10.13039/501100001809
10.1371/journal.pone.0276847	10.13039/501100001691
10.1371/journal.pone.0276847	10.13039/501100001691
10.1371/journal.pone.0276847	10.13039/501100002241
10.3389/fbioe.2022.900785	10.13039/100006759
10.3389/fcimb.2022.858155	10.13039/501100001809
10.3389/fcimb.2022.858155	10.13039/501100012166
10.3389/fgene.2021.807234	10.13039/501100014785
10.3389/fgene.2022.970314	10.13039/100000001
10.3389/fgene.2022.970314	10.13039/100000002
10.3389/fgene.2022.970314	10.13039/100000008
10.3389/fmicb.2021.774839	10.13039/100000001
10.3389/fmicb.2021.774839	10.13039/501100004442
10.3389/fmicb.2022.1060554	10.13039/501100002701
10.3389/fmicb.2022.1060554	10.13039/501100003725
10.3389/fmicb.2022.813002	10.13039/100007637
10.3389/fmicb.2022.826683	10.13039/501100004508
10.3389/fmicb.2022.833313	10.13039/501100001809
10.3389/fmicb.2022.833313	10.13039/501100004775
10.3389/fmicb.2022.833313	10.13039/501100012166
10.3389/fmicb.2022.833313	10.13039/501100012226
10.3389/fmicb.2022.841604	10.13039/501100001809
10.3389/fmicb.2022.841604	10.13039/501100008871
10.3389/fmicb.2022.846909	10.13039/501100001809
10.3389/fmicb.2022.846909	10.13039/501100008871
10.3389/fmicb.2022.859411	10.13039/501100001809
10.3389/fmicb.2022.866459	10.13039/501100001824
10.3389/fmicb.2022.866459	10.13039/501100008530
10.3389/fmicb.2022.882890	10.13039/501100001809
10.3389/fmicb.2022.981507	10.13039/501100010801
10.3389/fmicb.2022.984450	10.13039/501100012151
10.3389/fmicb.2022.984450	10.13039/501100012166
10.3389/fpls.2021.748562	10.13039/100015403
10.3389/fpls.2022.894985	10.13039/501100002347
10.3389/fpls.2022.894985	10.13039/501100002923
10.3389/fpls.2022.894985	10.13039/501100009559
10.3390/ani12010076	10.13039/501100004530
10.3390/ani12060742	10.13039/100000008
10.3390/ani12060742	10.13039/100000192
10.3390/bioengineering9120812	10.13039/501100003725
10.3390/biology11060866	10.13039/501100001809
10.3390/biology11060866	10.13039/501100004826
10.3390/biology11060885	10.13039/501100001809
10.3390/biology11060885	10.13039/501100013211
10.3390/biology11091326	10.13039/501100001809
10.3390/biology11091326	10.13039/501100012226
10.3390/d14020149	10.13039/501100001809
10.3390/d14040289	10.13039/501100001809
10.3390/d14070545	10.13039/501100012190
10.3390/d14080620	10.13039/501100002261
10.3390/d14100807	10.13039/501100004735
10.3390/d14100848	10.13039/501100002261
10.3390/d14100848	10.13039/501100003443
10.3390/d14121070	10.13039/501100006769
10.3390/foods11030346	10.13039/501100001809
10.3390/ijms23031764	10.13039/501100001809
10.3390/ijms23031764	10.13039/501100004739
10.3390/ijms23179712	10.13039/501100004595
10.3390/insects13020122	10.13039/501100001809
10.3390/insects13030272	10.13039/501100001809
10.3390/insects13040345	10.13039/501100001809
10.3390/insects13040362	10.13039/501100005880
10.3390/insects13050411	10.13039/501100001809
10.3390/insects13050438	10.13039/501100001659
10.3390/insects13050438	10.13039/501100001809
10.3390/insects13121096	10.13039/501100001809
10.3390/insects13121148	10.13039/501100001809
10.3390/insects13121154	10.13039/501100001809
10.3390/jof8030225	10.13039/501100001809
10.3390/jof8030225	10.13039/501100018527
10.3390/jof8030256	10.13039/501100001809
10.3390/jof8050500	10.13039/501100001809
10.3390/jof8050500	10.13039/501100013211
10.3390/jof8050501	10.13039/501100001809
10.3390/jof8060593	10.13039/100000001
10.3390/jof8060593	10.13039/501100001809
10.3390/jof8070647	10.13039/501100001809
10.3390/jof8070647	10.13039/501100018527
10.3390/jof8070720	10.13039/501100001809
10.3390/jof8080770	10.13039/501100001809
10.3390/jof8121279	10.13039/501100001807
10.3390/jof8121279	10.13039/501100003593
10.3390/jof8121297	10.13039/501100001809
10.3390/jof8121297	10.13039/501100002367
10.3390/jof8121297	10.13039/501100002367
10.3390/jof8121297	10.13039/501100004704
10.3390/microbiolres13010012	10.13039/501100000024
10.3390/microbiolres13010012	10.13039/501100000156
10.3390/microorganisms10030636	10.13039/100009823
10.3390/pathogens11060624	10.13039/501100001809
10.3390/pathogens11060624	10.13039/501100012166
10.3390/plants11172314	10.13039/501100006769
10.3390/v14020213	10.13039/501100004442
10.3390/v14020365	10.13039/501100000981
10.3390/v14061120	10.13039/501100001809
10.3390/v14061120	10.13039/501100013211
10.36253/jopt-12406	10.13039/501100001843
10.36253/jopt-12854	10.13039/501100002322
10.36253/jopt-12854	10.13039/501100003593
10.36253/jopt-13250	10.13039/501100002322
10.3897/afrinvertebr.63.76309	10.13039/100000001
10.3897/afrinvertebr.63.76309	10.13039/100000014
10.3897/afrinvertebr.63.76934	10.13039/100000001
10.3897/afrinvertebr.63.94095	10.13039/501100001321
10.3897/asp.80.e76339	10.13039/100006363
10.3897/asp.80.e76559	10.13039/501100003593
10.3897/asp.80.e83035	10.13039/501100001807
10.3897/BDJ.9.e70088	10.13039/501100001809
10.3897/jhr.89.75857	10.13039/100000199
10.3897/jhr.89.76620	10.13039/501100001807
10.3897/jhr.89.77485	10.13039/501100003593
10.3897/jhr.89.77687	10.13039/100013397
10.3897/jhr.89.79200	10.13039/501100001809
10.3897/jhr.89.80163	10.13039/501100001711
10.3897/jhr.89.80284	10.13039/100000203
10.3897/jhr.91.82761	10.13039/501100002661
10.3897/jhr.91.82812	10.13039/100000199
10.3897/jhr.91.84139	10.13039/100000199
10.3897/jhr.91.84937	10.13039/100013397
10.3897/jhr.92.85967	10.13039/100006229
10.3897/jhr.92.86954	10.13039/501100003562
10.3897/jhr.92.87032	10.13039/501100001809
10.3897/jhr.92.87197	10.13039/100000001
10.3897/jhr.94.85613	10.13039/501100003593
10.3897/jhr.94.93555	10.13039/100010251
10.3897/jhr.94.94677	10.13039/100000199
10.3897/jor.31.73373	10.13039/100001073
10.3897/jor.31.81126	10.13039/501100009082
10.3897/jor.31.84135	10.13039/501100001807
10.3897/mycokeys.86.73861	10.13039/501100003329
10.3897/mycokeys.86.77431	10.13039/501100000943
10.3897/mycokeys.88.79266	10.13039/501100005880
10.3897/mycokeys.88.79475	10.13039/501100019491
10.3897/mycokeys.90.84562	10.13039/501100001809
10.3897/mycokeys.91.84730	10.13039/501100001809
10.3897/mycokeys.93.89283	10.13039/501100011908
10.3897/mycokeys.93.89888	10.13039/501100001809
10.3897/mycokeys.93.90962	10.13039/100008074
10.3897/mycokeys.93.94148	10.13039/501100001659
10.3897/mycokeys.94.89425	10.13039/501100001809
10.3897/mycokeys.94.95751	10.13039/501100001809
10.3897/nl.45.68138	10.13039/501100010195
10.3897/nl.45.75693	10.13039/100007801
10.3897/nl.45.81499	10.13039/501100001659
10.3897/nl.45.86498	10.13039/501100002850
10.3897/phytokeys.186.63543	10.13039/501100012338
10.3897/phytokeys.188.73370	10.13039/501100010751
10.3897/phytokeys.188.75401	10.13039/501100001809
10.3897/phytokeys.188.77882	10.13039/501100006769
10.3897/phytokeys.189.77374	10.13039/501100001809
10.3897/phytokeys.189.77926	10.13039/501100001809
10.3897/phytokeys.189.80016	10.13039/501100002367
10.3897/phytokeys.190.76111	10.13039/501100002322
10.3897/phytokeys.190.77449	10.13039/501100001809
10.3897/phytokeys.190.78164	10.13039/501100006769
10.3897/phytokeys.190.80724	10.13039/501100011002
10.3897/phytokeys.192.77269	10.13039/501100003459
10.3897/phytokeys.193.79886	10.13039/100006363
10.3897/phytokeys.193.82287	10.13039/501100007839
10.3897/phytokeys.194.68404	10.13039/501100002923
10.3897/phytokeys.194.80129	10.13039/501100001809
10.3897/phytokeys.194.80967	10.13039/100006363
10.3897/phytokeys.194.81335	10.13039/501100001809
10.3897/phytokeys.194.82737	10.13039/501100007839
10.3897/phytokeys.195.78832	10.13039/501100002322
10.3897/phytokeys.195.80452	10.13039/501100001809
10.3897/phytokeys.195.83934	10.13039/501100001809
10.3897/phytokeys.196.82598	10.13039/501100006769
10.3897/phytokeys.197.81367	10.13039/100009080
10.3897/phytokeys.198.79514	10.13039/100000001
10.3897/phytokeys.198.79514	10.13039/501100000780
10.3897/phytokeys.199.85231	10.13039/501100013461
10.3897/phytokeys.199.85437	10.13039/501100001809
10.3897/phytokeys.199.85679	10.13039/501100010651
10.3897/phytokeys.199.85717	10.13039/501100001809
10.3897/phytokeys.201.77574	10.13039/501100002729
10.3897/phytokeys.202.76344	10.13039/501100001809
10.3897/phytokeys.202.82786	10.13039/501100001809
10.3897/phytokeys.202.85822	10.13039/501100001809
10.3897/phytokeys.202.86653	10.13039/501100001809
10.3897/phytokeys.202.87306	10.13039/501100006769
10.3897/phytokeys.204.82508	10.13039/501100001809
10.3897/phytokeys.204.84886	10.13039/501100001809
10.3897/phytokeys.204.85256	10.13039/100000001
10.3897/phytokeys.205.82256	10.13039/501100006181
10.3897/phytokeys.206.85241	10.13039/501100001809
10.3897/phytokeys.206.87109	10.13039/501100007839
10.3897/phytokeys.206.87737	10.13039/501100013345
10.3897/phytokeys.206.89338	10.13039/501100001809
10.3897/phytokeys.206.90720	10.13039/501100001809
10.3897/phytokeys.207.61432	10.13039/501100001665
10.3897/phytokeys.209.87681	10.13039/100000001
10.3897/phytokeys.210.86067	10.13039/501100003725
10.3897/phytokeys.210.90391	10.13039/501100001809
10.3897/phytokeys.211.85630	10.13039/501100005329
10.3897/phytokeys.211.87842	10.13039/501100002850
10.3897/phytokeys.211.89408	10.13039/501100006769
10.3897/phytokeys.211.90236	10.13039/501100005880
10.3897/phytokeys.211.90456	10.13039/501100001809
10.3897/phytokeys.212.82604	10.13039/501100003725
10.3897/phytokeys.212.91174	10.13039/501100001809
10.3897/phytokeys.213.83632	10.13039/501100001809
10.3897/phytokeys.214.94294	10.13039/501100002341
10.3897/phytokeys.214.95125	10.13039/501100000780
10.3897/phytokeys.214.96425	10.13039/501100001809
10.3897/phytokeys.215.96362	10.13039/100010743
10.3897/subtbiol.42.73524	10.13039/501100003400
10.3897/subtbiol.42.79190	10.13039/501100004901
10.3897/subtbiol.42.80274	10.13039/100000001
10.3897/subtbiol.43.73185	10.13039/501100004901
10.3897/subtbiol.43.80969	10.13039/501100001691
10.3897/subtbiol.43.81308	10.13039/501100003593
10.3897/subtbiol.44.87295	10.13039/501100004329
10.3897/vz.72.e73534	10.13039/501100006400
10.3897/vz.72.e76047	10.13039/100000001
10.3897/vz.72.e78830	10.13039/501100001655
10.3897/vz.72.e82709	10.13039/501100003074
10.3897/vz.72.e84983	10.13039/501100001659
10.3897/vz.72.e85144	10.13039/100004913
10.3897/vz.72.e85269	10.13039/100006363
10.3897/vz.72.e85989	10.13039/501100001659
10.3897/vz.72.e86968	10.13039/501100001659
10.3897/vz.72.e90958	10.13039/501100002322
10.3897/vz.72.e91422	10.13039/100008647
10.3897/vz.72.e94711	10.13039/501100001659
10.3897/zookeys.1074.75551	10.13039/100000001
10.3897/zookeys.1076.75576	10.13039/501100015239
10.3897/zookeys.1080.71370	10.13039/501100005074
10.3897/zookeys.1080.74286	10.13039/501100001809
10.3897/zookeys.1081.63009	10.13039/501100007061
10.3897/zookeys.1081.71872	10.13039/100015522
10.3897/zookeys.1081.72606	10.13039/501100012216
10.3897/zookeys.1082.69851	10.13039/501100002347
10.3897/zookeys.1084.77096	10.13039/501100001809
10.3897/zookeys.1084.78664	10.13039/501100003141
10.3897/zookeys.1084.78883	10.13039/501100001809
10.3897/zookeys.1085.72927	10.13039/501100001809
10.3897/zookeys.1085.76484	10.13039/501100002367
10.3897/zookeys.1086.77180	10.13039/501100003549
10.3897/zookeys.1086.77408	10.13039/501100003549
10.3897/zookeys.1087.64382	10.13039/501100002341
10.3897/zookeys.1087.78998	10.13039/501100004608
10.3897/zookeys.1088.72910	10.13039/501100002923
10.3897/zookeys.1088.79416	10.13039/501100001691
10.3897/zookeys.1089.72645	10.13039/501100000038
10.3897/zookeys.1089.78182	10.13039/501100003141
10.3897/zookeys.1089.79999	10.13039/501100003141
10.3897/zookeys.1090.75823	10.13039/501100002965
10.3897/zookeys.1090.77830	10.13039/501100001809
10.3897/zookeys.1090.78442	10.13039/501100012659
10.3897/zookeys.1090.78834	10.13039/501100007925
10.3897/zookeys.1091.73446	10.13039/501100003074
10.3897/zookeys.1091.80065	10.13039/501100001809
10.3897/zookeys.1092.79396	10.13039/100012899
10.3897/zookeys.1092.79635	10.13039/501100005357
10.3897/zookeys.1092.80464	10.13039/100000001
10.3897/zookeys.1092.80560	10.13039/100013397
10.3897/zookeys.1092.80645	10.13039/501100001843
10.3897/zookeys.1095.72829	10.13039/501100014769
10.3897/zookeys.1095.81076	10.13039/501100001809
10.3897/zookeys.1097.76426	10.13039/501100007350
10.3897/zookeys.1097.80424	10.13039/501100006087
10.3897/zookeys.1097.83215	10.13039/501100002347
10.3897/zookeys.1100.76142	10.13039/501100002965
10.3897/zookeys.1100.78979	10.13039/501100005187
10.3897/zookeys.1101.77212	10.13039/501100002661
10.3897/zookeys.1102.82388	10.13039/501100001799
10.3897/zookeys.1102.82466	10.13039/100012046
10.3897/zookeys.1103.83650	10.13039/100014440
10.3897/zookeys.1103.83795	10.13039/100009201
10.3897/zookeys.1104.81879	10.13039/501100003593
10.3897/zookeys.1104.82396	10.13039/501100000270
10.3897/zookeys.1105.85055	10.13039/501100003593
10.3897/zookeys.1106.81364	10.13039/501100001871
10.3897/zookeys.1106.81364	10.13039/501100011099
10.3897/zookeys.1107.82976	10.13039/501100000159
10.3897/zookeys.1108.81725	10.13039/501100002855
10.3897/zookeys.1108.85655	10.13039/501100014769
10.3897/zookeys.1109.81125	10.13039/501100001809
10.3897/zookeys.1110.82461	10.13039/501100015239
10.3897/zookeys.1110.85399	10.13039/501100015239
10.3897/zookeys.1111.68665	10.13039/501100006087
10.3897/zookeys.1111.72345	10.13039/100000001
10.3897/zookeys.1111.76239	10.13039/100000001
10.3897/zookeys.1111.76884	10.13039/501100003545
10.3897/zookeys.1111.77371	10.13039/501100017486
10.3897/zookeys.1111.77541	10.13039/501100002322
10.3897/zookeys.1111.77581	10.13039/501100002322
10.3897/zookeys.1111.85307	10.13039/501100001659
10.3897/zookeys.1112.82551	10.13039/501100001809
10.3897/zookeys.1112.84475	10.13039/501100001809
10.3897/zookeys.1112.85950	10.13039/501100003988
10.3897/zookeys.1112.87591	10.13039/100000014
10.3897/zookeys.1114.77692	10.13039/100000001
10.3897/zookeys.1114.79492	10.13039/501100019945
10.3897/zookeys.1114.85028	10.13039/501100001809
10.3897/zookeys.1115.83946	10.13039/100007684
10.3897/zookeys.1115.85249	10.13039/100016698
10.3897/zookeys.1115.86477	10.13039/501100003659
10.3897/zookeys.1116.82762	10.13039/501100003338
10.3897/zookeys.1116.84577	10.13039/501100000780
10.3897/zookeys.1116.84577	10.13039/501100004488
10.3897/zookeys.1116.85987	10.13039/501100011186
10.3897/zookeys.1118.84686	10.13039/501100007907
10.3897/zookeys.1118.89337	10.13039/501100001809
10.3897/zookeys.1119.85400	10.13039/501100015239
10.3897/zookeys.1120.87483	10.13039/501100001809
10.3897/zookeys.1122.85721	10.13039/501100001655
10.3897/zookeys.1122.89990	10.13039/501100001665
10.3897/zookeys.1123.77217	10.13039/501100002965
10.3897/zookeys.1123.87397	10.13039/501100001809
10.3897/zookeys.1123.90202	10.13039/501100004663
10.3897/zookeys.1124.89318	10.13039/501100001659
10.3897/zookeys.1124.89991	10.13039/501100001809
10.3897/zookeys.1124.91156	10.13039/501100002322
10.3897/zookeys.1125.91124	10.13039/501100002661
10.3897/zookeys.1126.94545	10.13039/501100003593
10.3897/zookeys.1127.85737	10.13039/100004413
10.3897/zookeys.1128.90016	10.13039/501100000040
10.3897/zookeys.1129.82981	10.13039/501100003725
10.3897/zookeys.1129.87706	10.13039/501100001809
10.3897/zookeys.1129.90986	10.13039/501100001321
10.3897/zookeys.1129.95245	10.13039/501100001809
10.3897/zookeys.1130.81874	10.13039/100013701
10.3897/zookeys.1130.87730	10.13039/501100000038
10.3897/zookeys.1130.87810	10.13039/501100001809
10.3897/zookeys.1131.85218	10.13039/100014595
10.3897/zookeys.1131.94205	10.13039/501100002428
10.3897/zookeys.1134.94984	10.13039/100005825
10.3897/zookeys.1134.95637	10.13039/501100005414
10.3897/zookeys.1135.93631	10.13039/501100012166
10.3897/zookeys.1135.93843	10.13039/501100001809
10.3897/zookeys.1135.94371	10.13039/501100001809
10.3897/zookeys.1135.95026	10.13039/100000199
10.3897/zookeys.1136.89528	10.13039/501100001809
10.3897/zookeys.1137.94217	10.13039/100000001
10.3897/zookeys.1137.94224	10.13039/501100001809
10.3897/zookeys.1137.95769	10.13039/501100006769
10.3897/zse.98.83109	10.13039/501100003593
10.4014/jmb.2205.05018	10.13039/501100002527
10.5423/PPJ.OA.07.2022.0102	10.13039/501100003627
10.7554/eLife.74751	10.13039/501100001264
10.7554/eLife.74751	10.13039/501100001772
10.7554/eLife.74751	10.13039/501100001809
10.7554/eLife.74751	10.13039/501100001809
10.7554/eLife.74751	10.13039/501100001809
10.7554/eLife.74751	10.13039/501100007129
10.7717/peerj.12734	10.13039/501100003593
10.7717/peerj.12765	10.13039/100007142
10.7717/peerj.12765	10.13039/501100007329
10.7717/peerj.12865	10.13039/100000001
10.7717/peerj.12913	10.13039/501100003074
10.7717/peerj.12913	10.13039/501100003947
10.7717/peerj.13026	10.13039/501100003593
10.7717/peerj.13211	10.13039/501100004299
10.7717/peerj.13761	10.13039/501100004299
10.7717/peerj.14113	10.13039/501100006769
10.7717/peerj.14298	10.13039/501100001809
