Level 1	Level 2	Level 3	Count
			1766
	Caulimoviridae		1
	Luteoviridae		1
	Partitiviridae		1
	Poxviridae		1
	Triplophysa		1
Animalia			103
Animalia	Acanthocephala		4
Animalia	Ammodiscus		1
Animalia	Annelida		73
Animalia	Arthropoda		2370
Animalia	Brachiopoda		8
Animalia	Bryozoa		7
Animalia	Cephalorhyncha		14
Animalia	Chaetognatha		2
Animalia	Chordata		843
Animalia	Cnidaria		44
Animalia	Ctenophora		1
Animalia	Echinodermata		23
Animalia	Entoprocta		1
Animalia	Eozoon		1
Animalia	Euglena		2
Animalia	Gastrotricha		2
Animalia	Geodia		1
Animalia	Hemichordata		2
Animalia	Mollusca		173
Animalia	Myxozoa		7
Animalia	Nematoda		52
Animalia	Nematomorpha		1
Animalia	Nemertea		5
Animalia	Plasmodium		6
Animalia	Platyhelminthes		75
Animalia	Porifera		13
Animalia	Rhombocorniculum		1
Animalia	Rotifera		2
Animalia	Rusophycus		1
Animalia	Tardigrada		13
Animalia	Xenacoelomorpha		1
Archaea			1
Archaea	Crenarchaeota		4
Archaea	Euryarchaeota		9
Bacillus			1
Bacteria			9
Bacteria	Acidobacteria		3
Bacteria	Actinobacteria		119
Bacteria	Bacteroidetes		73
Bacteria	Cyanobacteria		25
Bacteria	Deinococcus-thermus		3
Bacteria	Firmicutes		70
Bacteria	Planctomycetes		6
Bacteria	Proteobacteria		215
Bacteria	Spirochaetae		2
Bacteria	Synergistetes		1
Bacteria	Tenericutes		2
Bacteria	Thermotogae		1
Bacteria	Verrucomicrobia		4
Chromista			3
Chromista	Ciliophora		63
Chromista	Cryptophyta		4
Chromista	Foraminifera		14
Chromista	Haptophyta		4
Chromista	Heliozoa		1
Chromista	Myzozoa		39
Chromista	Ochrophyta		85
Chromista	Oomycota		13
Chromista	Radiozoa		1
Fungi			6
Fungi	Ascomycota		331
Fungi	Basidiomycota		248
Fungi	Chytridiomycota		5
Fungi	Glomeromycota		6
Fungi	Mallomonas		1
Fungi	Tappania		1
Fungi	Zygomycota		6
Plantae			5
Plantae	Bryophyta		26
Plantae	Charophyta		5
Plantae	Chlorophyta		19
Plantae	Enzonalasporites		1
Plantae	Ghoshiasporites		1
Plantae	Marchantiophyta		23
Plantae	Rhodophyta		27
Plantae	Striatites		1
Plantae	Tracheophyta		1390
Protozoa			1
Protozoa	Amoebozoa		25
Protozoa	Choanozoa		5
Protozoa	Difflugia		2
Protozoa	Euglenozoa		8
Protozoa	Filosia		2
Protozoa	Lancettopsis		1
Protozoa	Microsporidia		7
Protozoa	Mycetozoa		16
